Frame;Timestamp;Real Hand Position;Real Hand Rotation;Virtual Hand Position;Virtual Hand Rotation;Target;Redirection Technique;Target Real Position;Target Real Rotation;Target Virtual Position;Target Virtual Rotation;Body Position;Body Rotation;
0;2022/06/14 12:00:31 682;(0.1, 1.3, 0.1);(-0.2, 0.2, -0.7, 0.6);(0.1, 1.3, 0.1);(-0.2, 0.2, -0.7, 0.6);---;---;---;---;---;---;(-0.1, -4.8, -0.1);(0.0, 0.0, 0.0, 1.0);
1;2022/06/14 12:00:31 710;(0.1, 1.2, 0.1);(-0.2, 0.2, -0.7, 0.6);(0.1, 1.2, 0.1);(-0.2, 0.2, -0.7, 0.6);VirtualObject (HR_Toolkit.RedirectionObject);BodyWarping_Zenner;(0.0, 1.2, 0.4);(0.0, 0.0, 0.0, 1.0);(0.0, 1.2, 0.4);(0.0, 0.0, 0.0, 1.0);(-0.1, -4.8, -0.1);(0.0, 0.0, 0.0, 1.0);
2;2022/06/14 12:00:31 720;(0.1, 1.2, 0.1);(-0.2, 0.2, -0.7, 0.6);(0.1, 1.2, 0.1);(-0.2, 0.2, -0.7, 0.6);VirtualObject (HR_Toolkit.RedirectionObject);BodyWarping_Zenner;(0.0, 1.2, 0.4);(0.0, 0.0, 0.0, 1.0);(0.0, 1.2, 0.4);(0.0, 0.0, 0.0, 1.0);(-0.1, -4.8, -0.1);(0.0, 0.0, 0.0, 1.0);
3;2022/06/14 12:00:31 771;(0.1, 1.2, 0.1);(-0.2, 0.3, -0.7, 0.7);(0.1, 1.2, 0.1);(-0.2, 0.3, -0.7, 0.7);VirtualObject (HR_Toolkit.RedirectionObject);BodyWarping_Zenner;(0.0, 1.2, 0.4);(0.0, 0.0, 0.0, 1.0);(0.0, 1.2, 0.4);(0.0, 0.0, 0.0, 1.0);(-0.1, -4.8, -0.1);(0.0, 0.0, 0.0, 1.0);
4;2022/06/14 12:00:31 829;(0.1, 1.2, 0.1);(-0.1, 0.3, -0.7, 0.7);(0.1, 1.2, 0.1);(-0.1, 0.3, -0.7, 0.7);VirtualObject (HR_Toolkit.RedirectionObject);BodyWarping_Zenner;(0.0, 1.2, 0.4);(0.0, 0.0, 0.0, 1.0);(0.0, 1.2, 0.4);(0.0, 0.0, 0.0, 1.0);(-0.1, -4.8, -0.1);(0.0, 0.0, 0.0, 1.0);
5;2022/06/14 12:00:31 869;(0.1, 1.2, 0.1);(-0.1, 0.3, -0.7, 0.7);(0.1, 1.2, 0.1);(-0.1, 0.3, -0.7, 0.7);VirtualObject (HR_Toolkit.RedirectionObject);BodyWarping_Zenner;(0.0, 1.2, 0.4);(0.0, 0.0, 0.0, 1.0);(0.0, 1.2, 0.4);(0.0, 0.0, 0.0, 1.0);(-0.1, -4.8, -0.1);(0.0, 0.0, 0.0, 1.0);
6;2022/06/14 12:00:31 893;(0.1, 1.2, 0.1);(-0.1, 0.3, -0.7, 0.7);(0.1, 1.2, 0.1);(-0.1, 0.3, -0.7, 0.7);VirtualObject (HR_Toolkit.RedirectionObject);BodyWarping_Zenner;(0.0, 1.2, 0.4);(0.0, 0.0, 0.0, 1.0);(0.0, 1.2, 0.4);(0.0, 0.0, 0.0, 1.0);(-0.1, -4.8, -0.1);(0.0, 0.0, 0.0, 1.0);
7;2022/06/14 12:00:31 906;(0.1, 1.2, 0.1);(-0.1, 0.3, -0.7, 0.7);(0.1, 1.2, 0.1);(-0.1, 0.3, -0.7, 0.7);VirtualObject (HR_Toolkit.RedirectionObject);BodyWarping_Zenner;(0.0, 1.2, 0.4);(0.0, 0.0, 0.0, 1.0);(0.0, 1.2, 0.4);(0.0, 0.0, 0.0, 1.0);(-0.1, -4.8, -0.1);(0.0, 0.0, 0.0, 1.0);
8;2022/06/14 12:00:31 918;(0.1, 1.2, 0.1);(-0.1, 0.3, -0.6, 0.7);(0.1, 1.2, 0.1);(-0.1, 0.3, -0.6, 0.7);VirtualObject (HR_Toolkit.RedirectionObject);BodyWarping_Zenner;(0.0, 1.2, 0.4);(0.0, 0.0, 0.0, 1.0);(0.0, 1.2, 0.4);(0.0, 0.0, 0.0, 1.0);(-0.1, -4.8, -0.1);(0.0, 0.0, 0.0, 1.0);
9;2022/06/14 12:00:31 933;(0.1, 1.2, 0.1);(-0.1, 0.3, -0.6, 0.7);(0.1, 1.2, 0.1);(-0.1, 0.3, -0.6, 0.7);VirtualObject (HR_Toolkit.RedirectionObject);BodyWarping_Zenner;(0.0, 1.2, 0.4);(0.0, 0.0, 0.0, 1.0);(0.0, 1.2, 0.4);(0.0, 0.0, 0.0, 1.0);(-0.1, -4.8, -0.1);(0.0, 0.0, 0.0, 1.0);
10;2022/06/14 12:00:31 947;(0.1, 1.2, 0.1);(-0.1, 0.3, -0.7, 0.7);(0.1, 1.2, 0.1);(-0.1, 0.3, -0.7, 0.7);VirtualObject (HR_Toolkit.RedirectionObject);BodyWarping_Zenner;(0.0, 1.2, 0.4);(0.0, 0.0, 0.0, 1.0);(0.0, 1.2, 0.4);(0.0, 0.0, 0.0, 1.0);(-0.1, -4.8, -0.1);(0.0, 0.0, 0.0, 1.0);
11;2022/06/14 12:00:31 961;(0.1, 1.2, 0.1);(-0.1, 0.3, -0.7, 0.7);(0.1, 1.2, 0.1);(-0.1, 0.3, -0.7, 0.7);VirtualObject (HR_Toolkit.RedirectionObject);BodyWarping_Zenner;(0.0, 1.2, 0.4);(0.0, 0.0, 0.0, 1.0);(0.0, 1.2, 0.4);(0.0, 0.0, 0.0, 1.0);(-0.1, -4.8, -0.1);(0.0, 0.0, 0.0, 1.0);
12;2022/06/14 12:00:31 975;(0.1, 1.3, 0.1);(0.0, 0.3, -0.7, 0.7);(0.1, 1.3, 0.1);(0.0, 0.3, -0.7, 0.7);VirtualObject (HR_Toolkit.RedirectionObject);BodyWarping_Zenner;(0.0, 1.2, 0.4);(0.0, 0.0, 0.0, 1.0);(0.0, 1.2, 0.4);(0.0, 0.0, 0.0, 1.0);(-0.1, -4.8, -0.1);(0.0, 0.0, 0.0, 1.0);
13;2022/06/14 12:00:31 989;(0.1, 1.3, 0.0);(0.0, 0.3, -0.7, 0.7);(0.1, 1.3, 0.0);(0.0, 0.3, -0.7, 0.7);VirtualObject (HR_Toolkit.RedirectionObject);BodyWarping_Zenner;(0.0, 1.2, 0.4);(0.0, 0.0, 0.0, 1.0);(0.0, 1.2, 0.4);(0.0, 0.0, 0.0, 1.0);(-0.1, -4.8, -0.1);(0.0, 0.0, 0.0, 1.0);
14;2022/06/14 12:00:32 2;(0.1, 1.3, 0.0);(0.0, 0.3, -0.7, 0.7);(0.1, 1.3, 0.0);(0.0, 0.3, -0.7, 0.7);VirtualObject (HR_Toolkit.RedirectionObject);BodyWarping_Zenner;(0.0, 1.2, 0.4);(0.0, 0.0, 0.0, 1.0);(0.0, 1.2, 0.4);(0.0, 0.0, 0.0, 1.0);(-0.1, -4.8, -0.1);(0.0, 0.0, 0.0, 1.0);
15;2022/06/14 12:00:32 16;(0.2, 1.3, 0.0);(0.0, 0.3, -0.7, 0.7);(0.2, 1.3, 0.0);(0.0, 0.3, -0.7, 0.7);VirtualObject (HR_Toolkit.RedirectionObject);BodyWarping_Zenner;(0.0, 1.2, 0.4);(0.0, 0.0, 0.0, 1.0);(0.0, 1.2, 0.4);(0.0, 0.0, 0.0, 1.0);(-0.1, -4.8, -0.1);(0.0, 0.0, 0.0, 1.0);
16;2022/06/14 12:00:32 30;(0.2, 1.3, 0.0);(0.0, 0.2, -0.7, 0.7);(0.2, 1.3, 0.0);(0.0, 0.2, -0.7, 0.7);VirtualObject (HR_Toolkit.RedirectionObject);BodyWarping_Zenner;(0.0, 1.2, 0.4);(0.0, 0.0, 0.0, 1.0);(0.0, 1.2, 0.4);(0.0, 0.0, 0.0, 1.0);(-0.1, -4.8, -0.1);(0.0, 0.0, 0.0, 1.0);
17;2022/06/14 12:00:32 45;(0.2, 1.3, 0.0);(0.1, 0.2, -0.7, 0.7);(0.2, 1.3, 0.0);(0.1, 0.2, -0.7, 0.7);VirtualObject (HR_Toolkit.RedirectionObject);BodyWarping_Zenner;(0.0, 1.2, 0.4);(0.0, 0.0, 0.0, 1.0);(0.0, 1.2, 0.4);(0.0, 0.0, 0.0, 1.0);(-0.1, -4.8, -0.1);(0.0, 0.0, 0.0, 1.0);
18;2022/06/14 12:00:32 59;(0.2, 1.3, 0.0);(0.0, 0.2, -0.7, 0.7);(0.2, 1.3, 0.0);(0.0, 0.2, -0.7, 0.7);VirtualObject (HR_Toolkit.RedirectionObject);BodyWarping_Zenner;(0.0, 1.2, 0.4);(0.0, 0.0, 0.0, 1.0);(0.0, 1.2, 0.4);(0.0, 0.0, 0.0, 1.0);(-0.1, -4.8, -0.1);(0.0, 0.0, 0.0, 1.0);
19;2022/06/14 12:00:32 72;(0.2, 1.3, 0.0);(0.0, 0.2, -0.7, 0.7);(0.2, 1.3, 0.0);(0.0, 0.2, -0.7, 0.7);VirtualObject (HR_Toolkit.RedirectionObject);BodyWarping_Zenner;(0.0, 1.2, 0.4);(0.0, 0.0, 0.0, 1.0);(0.0, 1.2, 0.4);(0.0, 0.0, 0.0, 1.0);(-0.1, -4.8, -0.1);(0.0, 0.0, 0.0, 1.0);
20;2022/06/14 12:00:32 87;(0.2, 1.3, 0.0);(0.0, 0.2, -0.7, 0.7);(0.2, 1.3, 0.0);(0.0, 0.2, -0.7, 0.7);VirtualObject (HR_Toolkit.RedirectionObject);BodyWarping_Zenner;(0.0, 1.2, 0.4);(0.0, 0.0, 0.0, 1.0);(0.0, 1.2, 0.4);(0.0, 0.0, 0.0, 1.0);(-0.1, -4.8, -0.1);(0.0, 0.0, 0.0, 1.0);
21;2022/06/14 12:00:32 100;(0.2, 1.3, 0.0);(0.0, 0.2, -0.7, 0.7);(0.2, 1.3, 0.0);(0.0, 0.2, -0.7, 0.7);VirtualObject (HR_Toolkit.RedirectionObject);BodyWarping_Zenner;(0.0, 1.2, 0.4);(0.0, 0.0, 0.0, 1.0);(0.0, 1.2, 0.4);(0.0, 0.0, 0.0, 1.0);(-0.1, -4.8, -0.1);(0.0, 0.0, 0.0, 1.0);
22;2022/06/14 12:00:32 114;(0.2, 1.3, 0.0);(-0.1, 0.2, -0.7, 0.7);(0.2, 1.3, 0.0);(-0.1, 0.2, -0.7, 0.7);VirtualObject (HR_Toolkit.RedirectionObject);BodyWarping_Zenner;(0.0, 1.2, 0.4);(0.0, 0.0, 0.0, 1.0);(0.0, 1.2, 0.4);(0.0, 0.0, 0.0, 1.0);(-0.1, -4.8, -0.1);(0.0, 0.0, 0.0, 1.0);
23;2022/06/14 12:00:32 129;(0.2, 1.3, 0.0);(-0.1, 0.2, -0.7, 0.7);(0.2, 1.3, 0.0);(-0.1, 0.2, -0.7, 0.7);VirtualObject (HR_Toolkit.RedirectionObject);BodyWarping_Zenner;(0.0, 1.2, 0.4);(0.0, 0.0, 0.0, 1.0);(0.0, 1.2, 0.4);(0.0, 0.0, 0.0, 1.0);(-0.1, -4.8, -0.1);(0.0, 0.0, 0.0, 1.0);
24;2022/06/14 12:00:32 142;(-0.3, 1.9, 0.2);(0.1, 0.9, -0.2, 0.3);(-0.3, 1.9, 0.2);(0.1, 0.9, -0.2, 0.3);VirtualObject (HR_Toolkit.RedirectionObject);BodyWarping_Zenner;(0.0, 1.2, 0.4);(0.0, 0.0, 0.0, 1.0);(0.0, 1.2, 0.4);(0.0, 0.0, 0.0, 1.0);(-0.1, -4.8, -0.1);(0.0, 0.0, 0.0, 1.0);
25;2022/06/14 12:00:32 155;(-0.3, 1.9, 0.2);(0.1, 0.9, -0.2, 0.3);(-0.3, 1.9, 0.2);(0.1, 0.9, -0.2, 0.3);VirtualObject (HR_Toolkit.RedirectionObject);BodyWarping_Zenner;(0.0, 1.2, 0.4);(0.0, 0.0, 0.0, 1.0);(0.0, 1.2, 0.4);(0.0, 0.0, 0.0, 1.0);(-0.1, -4.8, -0.1);(0.0, 0.0, 0.0, 1.0);
26;2022/06/14 12:00:32 170;(-0.3, 1.9, 0.2);(0.1, 0.9, -0.2, 0.3);(-0.3, 1.9, 0.2);(0.1, 0.9, -0.2, 0.3);VirtualObject (HR_Toolkit.RedirectionObject);BodyWarping_Zenner;(0.0, 1.2, 0.4);(0.0, 0.0, 0.0, 1.0);(0.0, 1.2, 0.4);(0.0, 0.0, 0.0, 1.0);(-0.1, -4.8, -0.1);(0.0, 0.0, 0.0, 1.0);
27;2022/06/14 12:00:32 183;(-0.3, 1.9, 0.2);(0.1, 0.9, -0.3, 0.3);(-0.3, 1.9, 0.2);(0.1, 0.9, -0.3, 0.3);VirtualObject (HR_Toolkit.RedirectionObject);BodyWarping_Zenner;(0.0, 1.2, 0.4);(0.0, 0.0, 0.0, 1.0);(0.0, 1.2, 0.4);(0.0, 0.0, 0.0, 1.0);(-0.1, -4.8, -0.1);(0.0, 0.0, 0.0, 1.0);
28;2022/06/14 12:00:32 197;(-0.3, 1.9, 0.2);(0.1, 0.9, -0.3, 0.3);(-0.3, 1.9, 0.2);(0.1, 0.9, -0.3, 0.3);VirtualObject (HR_Toolkit.RedirectionObject);BodyWarping_Zenner;(0.0, 1.2, 0.4);(0.0, 0.0, 0.0, 1.0);(0.0, 1.2, 0.4);(0.0, 0.0, 0.0, 1.0);(-0.1, -4.8, -0.1);(0.0, 0.0, 0.0, 1.0);
29;2022/06/14 12:00:32 212;(-0.3, 1.9, 0.2);(0.1, 0.9, -0.3, 0.3);(-0.3, 1.9, 0.2);(0.1, 0.9, -0.3, 0.3);VirtualObject (HR_Toolkit.RedirectionObject);BodyWarping_Zenner;(0.0, 1.2, 0.4);(0.0, 0.0, 0.0, 1.0);(0.0, 1.2, 0.4);(0.0, 0.0, 0.0, 1.0);(-0.1, -4.8, -0.1);(0.0, 0.0, 0.0, 1.0);
30;2022/06/14 12:00:32 226;(-0.3, 1.9, 0.2);(0.1, 0.9, -0.3, 0.3);(-0.3, 1.9, 0.2);(0.1, 0.9, -0.3, 0.3);VirtualObject (HR_Toolkit.RedirectionObject);BodyWarping_Zenner;(0.0, 1.2, 0.4);(0.0, 0.0, 0.0, 1.0);(0.0, 1.2, 0.4);(0.0, 0.0, 0.0, 1.0);(-0.1, -4.8, -0.1);(0.0, 0.0, 0.0, 1.0);
31;2022/06/14 12:00:32 240;(-0.3, 1.9, 0.2);(0.1, 0.9, -0.3, 0.3);(-0.3, 1.9, 0.2);(0.1, 0.9, -0.3, 0.3);VirtualObject (HR_Toolkit.RedirectionObject);BodyWarping_Zenner;(0.0, 1.2, 0.4);(0.0, 0.0, 0.0, 1.0);(0.0, 1.2, 0.4);(0.0, 0.0, 0.0, 1.0);(-0.1, -4.8, -0.1);(0.0, 0.0, 0.0, 1.0);
32;2022/06/14 12:00:32 253;(-0.3, 1.9, 0.2);(0.1, 0.9, -0.3, 0.3);(-0.3, 1.9, 0.2);(0.1, 0.9, -0.3, 0.3);VirtualObject (HR_Toolkit.RedirectionObject);BodyWarping_Zenner;(0.0, 1.2, 0.4);(0.0, 0.0, 0.0, 1.0);(0.0, 1.2, 0.4);(0.0, 0.0, 0.0, 1.0);(-0.1, -4.8, -0.1);(0.0, 0.0, 0.0, 1.0);
33;2022/06/14 12:00:32 268;(-0.3, 1.9, 0.2);(0.1, 0.9, -0.3, 0.3);(-0.3, 1.9, 0.2);(0.1, 0.9, -0.3, 0.3);VirtualObject (HR_Toolkit.RedirectionObject);BodyWarping_Zenner;(0.0, 1.2, 0.4);(0.0, 0.0, 0.0, 1.0);(0.0, 1.2, 0.4);(0.0, 0.0, 0.0, 1.0);(-0.1, -4.8, -0.1);(0.0, 0.0, 0.0, 1.0);
34;2022/06/14 12:00:32 281;(-0.3, 1.9, 0.2);(0.1, 0.9, -0.3, 0.3);(-0.3, 1.9, 0.2);(0.1, 0.9, -0.3, 0.3);VirtualObject (HR_Toolkit.RedirectionObject);BodyWarping_Zenner;(0.0, 1.2, 0.4);(0.0, 0.0, 0.0, 1.0);(0.0, 1.2, 0.4);(0.0, 0.0, 0.0, 1.0);(-0.1, -4.8, -0.1);(0.0, 0.0, 0.0, 1.0);
35;2022/06/14 12:00:32 295;(-0.3, 1.9, 0.2);(0.1, 0.9, -0.3, 0.3);(-0.3, 1.9, 0.2);(0.1, 0.9, -0.3, 0.3);VirtualObject (HR_Toolkit.RedirectionObject);BodyWarping_Zenner;(0.0, 1.2, 0.4);(0.0, 0.0, 0.0, 1.0);(0.0, 1.2, 0.4);(0.0, 0.0, 0.0, 1.0);(-0.1, -4.8, -0.1);(0.0, 0.0, 0.0, 1.0);
36;2022/06/14 12:00:32 309;(-0.3, 1.9, 0.2);(0.1, 0.9, -0.3, 0.3);(-0.3, 1.9, 0.2);(0.1, 0.9, -0.3, 0.3);VirtualObject (HR_Toolkit.RedirectionObject);BodyWarping_Zenner;(0.0, 1.2, 0.4);(0.0, 0.0, 0.0, 1.0);(0.0, 1.2, 0.4);(0.0, 0.0, 0.0, 1.0);(-0.1, -4.8, -0.1);(0.0, 0.0, 0.0, 1.0);
37;2022/06/14 12:00:32 323;(-0.3, 1.9, 0.2);(0.1, 0.9, -0.4, 0.3);(-0.3, 1.9, 0.2);(0.1, 0.9, -0.4, 0.3);VirtualObject (HR_Toolkit.RedirectionObject);BodyWarping_Zenner;(0.0, 1.2, 0.4);(0.0, 0.0, 0.0, 1.0);(0.0, 1.2, 0.4);(0.0, 0.0, 0.0, 1.0);(-0.1, -4.8, -0.1);(0.0, 0.0, 0.0, 1.0);
38;2022/06/14 12:00:32 336;(-0.3, 1.9, 0.2);(0.1, 0.9, -0.4, 0.3);(-0.3, 1.9, 0.2);(0.1, 0.9, -0.4, 0.3);VirtualObject (HR_Toolkit.RedirectionObject);BodyWarping_Zenner;(0.0, 1.2, 0.4);(0.0, 0.0, 0.0, 1.0);(0.0, 1.2, 0.4);(0.0, 0.0, 0.0, 1.0);(-0.1, -4.8, -0.1);(0.0, 0.0, 0.0, 1.0);
39;2022/06/14 12:00:32 352;(-0.3, 1.9, 0.2);(0.1, 0.9, -0.4, 0.3);(-0.3, 1.9, 0.2);(0.1, 0.9, -0.4, 0.3);VirtualObject (HR_Toolkit.RedirectionObject);BodyWarping_Zenner;(0.0, 1.2, 0.4);(0.0, 0.0, 0.0, 1.0);(0.0, 1.2, 0.4);(0.0, 0.0, 0.0, 1.0);(-0.1, -4.8, -0.1);(0.0, 0.0, 0.0, 1.0);
40;2022/06/14 12:00:32 365;(-0.3, 1.9, 0.2);(0.1, 0.9, -0.4, 0.3);(-0.3, 1.9, 0.2);(0.1, 0.9, -0.4, 0.3);VirtualObject (HR_Toolkit.RedirectionObject);BodyWarping_Zenner;(0.0, 1.2, 0.4);(0.0, 0.0, 0.0, 1.0);(0.0, 1.2, 0.4);(0.0, 0.0, 0.0, 1.0);(-0.1, -4.8, -0.1);(0.0, 0.0, 0.0, 1.0);
41;2022/06/14 12:00:32 379;(-0.3, 1.9, 0.2);(0.1, 0.9, -0.4, 0.3);(-0.3, 1.9, 0.2);(0.1, 0.9, -0.4, 0.3);VirtualObject (HR_Toolkit.RedirectionObject);BodyWarping_Zenner;(0.0, 1.2, 0.4);(0.0, 0.0, 0.0, 1.0);(0.0, 1.2, 0.4);(0.0, 0.0, 0.0, 1.0);(-0.1, -4.8, -0.1);(0.0, 0.0, 0.0, 1.0);
42;2022/06/14 12:00:32 393;(-0.3, 1.9, 0.2);(0.1, 0.9, -0.4, 0.3);(-0.3, 1.9, 0.2);(0.1, 0.9, -0.4, 0.3);VirtualObject (HR_Toolkit.RedirectionObject);BodyWarping_Zenner;(0.0, 1.2, 0.4);(0.0, 0.0, 0.0, 1.0);(0.0, 1.2, 0.4);(0.0, 0.0, 0.0, 1.0);(-0.1, -4.8, -0.1);(0.0, 0.0, 0.0, 1.0);
43;2022/06/14 12:00:32 407;(-0.3, 1.9, 0.2);(0.1, 0.9, -0.4, 0.3);(-0.3, 1.9, 0.2);(0.1, 0.9, -0.4, 0.3);VirtualObject (HR_Toolkit.RedirectionObject);BodyWarping_Zenner;(0.0, 1.2, 0.4);(0.0, 0.0, 0.0, 1.0);(0.0, 1.2, 0.4);(0.0, 0.0, 0.0, 1.0);(-0.1, -4.8, -0.1);(0.0, 0.0, 0.0, 1.0);
44;2022/06/14 12:00:32 420;(-0.3, 1.9, 0.2);(0.1, 0.9, -0.4, 0.3);(-0.3, 1.9, 0.2);(0.1, 0.9, -0.4, 0.3);VirtualObject (HR_Toolkit.RedirectionObject);BodyWarping_Zenner;(0.0, 1.2, 0.4);(0.0, 0.0, 0.0, 1.0);(0.0, 1.2, 0.4);(0.0, 0.0, 0.0, 1.0);(-0.1, -4.8, -0.1);(0.0, 0.0, 0.0, 1.0);
45;2022/06/14 12:00:32 435;(-0.3, 1.9, 0.2);(0.1, 0.9, -0.4, 0.3);(-0.3, 1.9, 0.2);(0.1, 0.9, -0.4, 0.3);VirtualObject (HR_Toolkit.RedirectionObject);BodyWarping_Zenner;(0.0, 1.2, 0.4);(0.0, 0.0, 0.0, 1.0);(0.0, 1.2, 0.4);(0.0, 0.0, 0.0, 1.0);(-0.1, -4.8, -0.1);(0.0, 0.0, 0.0, 1.0);
46;2022/06/14 12:00:32 450;(-0.3, 1.9, 0.2);(0.1, 0.9, -0.4, 0.3);(-0.3, 1.9, 0.2);(0.1, 0.9, -0.4, 0.3);VirtualObject (HR_Toolkit.RedirectionObject);BodyWarping_Zenner;(0.0, 1.2, 0.4);(0.0, 0.0, 0.0, 1.0);(0.0, 1.2, 0.4);(0.0, 0.0, 0.0, 1.0);(-0.1, -4.8, -0.1);(0.0, 0.0, 0.0, 1.0);
47;2022/06/14 12:00:32 462;(-0.3, 1.9, 0.2);(0.1, 0.9, -0.4, 0.3);(-0.3, 1.9, 0.2);(0.1, 0.9, -0.4, 0.3);VirtualObject (HR_Toolkit.RedirectionObject);BodyWarping_Zenner;(0.0, 1.2, 0.4);(0.0, 0.0, 0.0, 1.0);(0.0, 1.2, 0.4);(0.0, 0.0, 0.0, 1.0);(-0.1, -4.8, -0.1);(0.0, 0.0, 0.0, 1.0);
48;2022/06/14 12:00:32 476;(-0.3, 1.9, 0.2);(0.1, 0.9, -0.4, 0.3);(-0.3, 1.9, 0.2);(0.1, 0.9, -0.4, 0.3);VirtualObject (HR_Toolkit.RedirectionObject);BodyWarping_Zenner;(0.0, 1.2, 0.4);(0.0, 0.0, 0.0, 1.0);(0.0, 1.2, 0.4);(0.0, 0.0, 0.0, 1.0);(-0.1, -4.8, -0.1);(0.0, 0.0, 0.0, 1.0);
49;2022/06/14 12:00:32 491;(-0.3, 1.9, 0.2);(0.1, 0.9, -0.4, 0.3);(-0.3, 1.9, 0.2);(0.1, 0.9, -0.4, 0.3);VirtualObject (HR_Toolkit.RedirectionObject);BodyWarping_Zenner;(0.0, 1.2, 0.4);(0.0, 0.0, 0.0, 1.0);(0.0, 1.2, 0.4);(0.0, 0.0, 0.0, 1.0);(-0.1, -4.8, -0.1);(0.0, 0.0, 0.0, 1.0);
50;2022/06/14 12:00:32 504;(-0.3, 1.9, 0.2);(0.1, 0.9, -0.4, 0.3);(-0.3, 1.9, 0.2);(0.1, 0.9, -0.4, 0.3);VirtualObject (HR_Toolkit.RedirectionObject);BodyWarping_Zenner;(0.0, 1.2, 0.4);(0.0, 0.0, 0.0, 1.0);(0.0, 1.2, 0.4);(0.0, 0.0, 0.0, 1.0);(-0.1, -4.8, -0.1);(0.0, 0.0, 0.0, 1.0);
51;2022/06/14 12:00:32 520;(-0.3, 1.9, 0.2);(0.1, 0.9, -0.4, 0.3);(-0.3, 1.9, 0.2);(0.1, 0.9, -0.4, 0.3);VirtualObject (HR_Toolkit.RedirectionObject);BodyWarping_Zenner;(0.0, 1.2, 0.4);(0.0, 0.0, 0.0, 1.0);(0.0, 1.2, 0.4);(0.0, 0.0, 0.0, 1.0);(-0.1, -4.8, -0.1);(0.0, 0.0, 0.0, 1.0);
52;2022/06/14 12:00:32 532;(-0.3, 1.9, 0.1);(0.1, 0.9, -0.4, 0.3);(-0.3, 1.9, 0.1);(0.1, 0.9, -0.4, 0.3);VirtualObject (HR_Toolkit.RedirectionObject);BodyWarping_Zenner;(0.0, 1.2, 0.4);(0.0, 0.0, 0.0, 1.0);(0.0, 1.2, 0.4);(0.0, 0.0, 0.0, 1.0);(-0.1, -4.8, -0.1);(0.0, 0.0, 0.0, 1.0);
53;2022/06/14 12:00:32 547;(-0.3, 1.9, 0.1);(0.1, 0.9, -0.4, 0.3);(-0.3, 1.9, 0.1);(0.1, 0.9, -0.4, 0.3);VirtualObject (HR_Toolkit.RedirectionObject);BodyWarping_Zenner;(0.0, 1.2, 0.4);(0.0, 0.0, 0.0, 1.0);(0.0, 1.2, 0.4);(0.0, 0.0, 0.0, 1.0);(-0.1, -4.8, -0.1);(0.0, 0.0, 0.0, 1.0);
54;2022/06/14 12:00:32 561;(-0.3, 1.9, 0.1);(0.1, 0.9, -0.4, 0.3);(-0.3, 1.9, 0.1);(0.1, 0.9, -0.4, 0.3);VirtualObject (HR_Toolkit.RedirectionObject);BodyWarping_Zenner;(0.0, 1.2, 0.4);(0.0, 0.0, 0.0, 1.0);(0.0, 1.2, 0.4);(0.0, 0.0, 0.0, 1.0);(-0.1, -4.8, -0.1);(0.0, 0.0, 0.0, 1.0);
55;2022/06/14 12:00:32 573;(-0.3, 1.9, 0.1);(0.1, 0.9, -0.4, 0.3);(-0.3, 1.9, 0.1);(0.1, 0.9, -0.4, 0.3);VirtualObject (HR_Toolkit.RedirectionObject);BodyWarping_Zenner;(0.0, 1.2, 0.4);(0.0, 0.0, 0.0, 1.0);(0.0, 1.2, 0.4);(0.0, 0.0, 0.0, 1.0);(-0.1, -4.8, -0.1);(0.0, 0.0, 0.0, 1.0);
56;2022/06/14 12:00:32 589;(-0.3, 1.9, 0.1);(0.1, 0.9, -0.4, 0.3);(-0.3, 1.9, 0.1);(0.1, 0.9, -0.4, 0.3);VirtualObject (HR_Toolkit.RedirectionObject);BodyWarping_Zenner;(0.0, 1.2, 0.4);(0.0, 0.0, 0.0, 1.0);(0.0, 1.2, 0.4);(0.0, 0.0, 0.0, 1.0);(-0.1, -4.8, -0.1);(0.0, 0.0, 0.0, 1.0);
57;2022/06/14 12:00:32 602;(-0.3, 1.9, 0.1);(0.1, 0.9, -0.4, 0.3);(-0.3, 1.9, 0.1);(0.1, 0.9, -0.4, 0.3);VirtualObject (HR_Toolkit.RedirectionObject);BodyWarping_Zenner;(0.0, 1.2, 0.4);(0.0, 0.0, 0.0, 1.0);(0.0, 1.2, 0.4);(0.0, 0.0, 0.0, 1.0);(-0.1, -4.8, -0.1);(0.0, 0.0, 0.0, 1.0);
58;2022/06/14 12:00:32 616;(-0.3, 1.9, 0.1);(0.1, 0.8, -0.5, 0.3);(-0.3, 1.9, 0.1);(0.1, 0.8, -0.5, 0.3);VirtualObject (HR_Toolkit.RedirectionObject);BodyWarping_Zenner;(0.0, 1.2, 0.4);(0.0, 0.0, 0.0, 1.0);(0.0, 1.2, 0.4);(0.0, 0.0, 0.0, 1.0);(-0.1, -4.8, -0.1);(0.0, 0.0, 0.0, 1.0);
59;2022/06/14 12:00:32 630;(-0.3, 1.9, 0.1);(0.1, 0.8, -0.5, 0.3);(-0.3, 1.9, 0.1);(0.1, 0.8, -0.5, 0.3);VirtualObject (HR_Toolkit.RedirectionObject);BodyWarping_Zenner;(0.0, 1.2, 0.4);(0.0, 0.0, 0.0, 1.0);(0.0, 1.2, 0.4);(0.0, 0.0, 0.0, 1.0);(-0.1, -4.8, -0.1);(0.0, 0.0, 0.0, 1.0);
60;2022/06/14 12:00:32 644;(-0.3, 1.9, 0.1);(0.1, 0.8, -0.5, 0.3);(-0.3, 1.9, 0.1);(0.1, 0.8, -0.5, 0.3);VirtualObject (HR_Toolkit.RedirectionObject);BodyWarping_Zenner;(0.0, 1.2, 0.4);(0.0, 0.0, 0.0, 1.0);(0.0, 1.2, 0.4);(0.0, 0.0, 0.0, 1.0);(-0.1, -4.8, -0.1);(0.0, 0.0, 0.0, 1.0);
61;2022/06/14 12:00:32 658;(-0.3, 1.9, 0.1);(0.1, 0.8, -0.5, 0.3);(-0.3, 1.9, 0.1);(0.1, 0.8, -0.5, 0.3);VirtualObject (HR_Toolkit.RedirectionObject);BodyWarping_Zenner;(0.0, 1.2, 0.4);(0.0, 0.0, 0.0, 1.0);(0.0, 1.2, 0.4);(0.0, 0.0, 0.0, 1.0);(-0.1, -4.8, -0.1);(0.0, 0.0, 0.0, 1.0);
62;2022/06/14 12:00:32 672;(-0.3, 1.9, 0.1);(0.1, 0.8, -0.5, 0.3);(-0.3, 1.9, 0.1);(0.1, 0.8, -0.5, 0.3);VirtualObject (HR_Toolkit.RedirectionObject);BodyWarping_Zenner;(0.0, 1.2, 0.4);(0.0, 0.0, 0.0, 1.0);(0.0, 1.2, 0.4);(0.0, 0.0, 0.0, 1.0);(-0.1, -4.8, -0.1);(0.0, 0.0, 0.0, 1.0);
63;2022/06/14 12:00:32 685;(-0.3, 1.9, 0.1);(0.1, 0.8, -0.5, 0.3);(-0.3, 1.9, 0.1);(0.1, 0.8, -0.5, 0.3);VirtualObject (HR_Toolkit.RedirectionObject);BodyWarping_Zenner;(0.0, 1.2, 0.4);(0.0, 0.0, 0.0, 1.0);(0.0, 1.2, 0.4);(0.0, 0.0, 0.0, 1.0);(-0.1, -4.8, -0.1);(0.0, 0.0, 0.0, 1.0);
64;2022/06/14 12:00:32 700;(-0.3, 1.9, 0.1);(0.1, 0.8, -0.5, 0.3);(-0.3, 1.9, 0.1);(0.1, 0.8, -0.5, 0.3);VirtualObject (HR_Toolkit.RedirectionObject);BodyWarping_Zenner;(0.0, 1.2, 0.4);(0.0, 0.0, 0.0, 1.0);(0.0, 1.2, 0.4);(0.0, 0.0, 0.0, 1.0);(-0.1, -4.8, -0.1);(0.0, 0.0, 0.0, 1.0);
65;2022/06/14 12:00:32 713;(-0.3, 1.9, 0.1);(0.1, 0.8, -0.5, 0.3);(-0.3, 1.9, 0.1);(0.1, 0.8, -0.5, 0.3);VirtualObject (HR_Toolkit.RedirectionObject);BodyWarping_Zenner;(0.0, 1.2, 0.4);(0.0, 0.0, 0.0, 1.0);(0.0, 1.2, 0.4);(0.0, 0.0, 0.0, 1.0);(-0.1, -4.8, -0.1);(0.0, 0.0, 0.0, 1.0);
66;2022/06/14 12:00:32 727;(-0.2, 1.9, 0.1);(0.2, 0.8, -0.5, 0.2);(-0.2, 1.9, 0.1);(0.2, 0.8, -0.5, 0.2);VirtualObject (HR_Toolkit.RedirectionObject);BodyWarping_Zenner;(0.0, 1.2, 0.4);(0.0, 0.0, 0.0, 1.0);(0.0, 1.2, 0.4);(0.0, 0.0, 0.0, 1.0);(-0.1, -4.8, -0.1);(0.0, 0.0, 0.0, 1.0);
67;2022/06/14 12:00:32 741;(-0.2, 1.9, 0.1);(0.2, 0.8, -0.5, 0.2);(-0.2, 1.9, 0.1);(0.2, 0.8, -0.5, 0.2);VirtualObject (HR_Toolkit.RedirectionObject);BodyWarping_Zenner;(0.0, 1.2, 0.4);(0.0, 0.0, 0.0, 1.0);(0.0, 1.2, 0.4);(0.0, 0.0, 0.0, 1.0);(-0.1, -4.8, -0.1);(0.0, 0.0, 0.0, 1.0);
68;2022/06/14 12:00:32 755;(-0.2, 1.9, 0.1);(0.2, 0.8, -0.5, 0.2);(-0.2, 1.9, 0.1);(0.2, 0.8, -0.5, 0.2);VirtualObject (HR_Toolkit.RedirectionObject);BodyWarping_Zenner;(0.0, 1.2, 0.4);(0.0, 0.0, 0.0, 1.0);(0.0, 1.2, 0.4);(0.0, 0.0, 0.0, 1.0);(-0.1, -4.8, -0.1);(0.0, 0.0, 0.0, 1.0);
69;2022/06/14 12:00:32 770;(-0.2, 1.9, 0.1);(0.2, 0.8, -0.5, 0.2);(-0.2, 1.9, 0.1);(0.2, 0.8, -0.5, 0.2);VirtualObject (HR_Toolkit.RedirectionObject);BodyWarping_Zenner;(0.0, 1.2, 0.4);(0.0, 0.0, 0.0, 1.0);(0.0, 1.2, 0.4);(0.0, 0.0, 0.0, 1.0);(-0.1, -4.8, -0.1);(0.0, 0.0, 0.0, 1.0);
70;2022/06/14 12:00:32 784;(-0.2, 1.9, 0.1);(0.2, 0.8, -0.5, 0.2);(-0.2, 1.9, 0.1);(0.2, 0.8, -0.5, 0.2);VirtualObject (HR_Toolkit.RedirectionObject);BodyWarping_Zenner;(0.0, 1.2, 0.4);(0.0, 0.0, 0.0, 1.0);(0.0, 1.2, 0.4);(0.0, 0.0, 0.0, 1.0);(-0.1, -4.8, -0.1);(0.0, 0.0, 0.0, 1.0);
71;2022/06/14 12:00:32 797;(-0.2, 1.9, 0.1);(0.2, 0.8, -0.5, 0.2);(-0.2, 1.9, 0.1);(0.2, 0.8, -0.5, 0.2);VirtualObject (HR_Toolkit.RedirectionObject);BodyWarping_Zenner;(0.0, 1.2, 0.4);(0.0, 0.0, 0.0, 1.0);(0.0, 1.2, 0.4);(0.0, 0.0, 0.0, 1.0);(-0.1, -4.8, -0.1);(0.0, 0.0, 0.0, 1.0);
72;2022/06/14 12:00:32 812;(-0.2, 1.9, 0.1);(0.2, 0.8, -0.5, 0.2);(-0.2, 1.9, 0.1);(0.2, 0.8, -0.5, 0.2);VirtualObject (HR_Toolkit.RedirectionObject);BodyWarping_Zenner;(0.0, 1.2, 0.4);(0.0, 0.0, 0.0, 1.0);(0.0, 1.2, 0.4);(0.0, 0.0, 0.0, 1.0);(-0.1, -4.8, -0.1);(0.0, 0.0, 0.0, 1.0);
73;2022/06/14 12:00:32 826;(-0.2, 1.9, 0.1);(0.2, 0.8, -0.5, 0.2);(-0.2, 1.9, 0.1);(0.2, 0.8, -0.5, 0.2);VirtualObject (HR_Toolkit.RedirectionObject);BodyWarping_Zenner;(0.0, 1.2, 0.4);(0.0, 0.0, 0.0, 1.0);(0.0, 1.2, 0.4);(0.0, 0.0, 0.0, 1.0);(-0.1, -4.8, -0.1);(0.0, 0.0, 0.0, 1.0);
74;2022/06/14 12:00:32 839;(-0.2, 1.9, 0.1);(0.2, 0.8, -0.5, 0.2);(-0.2, 1.9, 0.1);(0.2, 0.8, -0.5, 0.2);VirtualObject (HR_Toolkit.RedirectionObject);BodyWarping_Zenner;(0.0, 1.2, 0.4);(0.0, 0.0, 0.0, 1.0);(0.0, 1.2, 0.4);(0.0, 0.0, 0.0, 1.0);(-0.1, -4.8, -0.1);(0.0, 0.0, 0.0, 1.0);
75;2022/06/14 12:00:32 854;(-0.2, 1.9, 0.1);(0.2, 0.8, -0.5, 0.2);(-0.2, 1.9, 0.1);(0.2, 0.8, -0.5, 0.2);VirtualObject (HR_Toolkit.RedirectionObject);BodyWarping_Zenner;(0.0, 1.2, 0.4);(0.0, 0.0, 0.0, 1.0);(0.0, 1.2, 0.4);(0.0, 0.0, 0.0, 1.0);(-0.1, -4.8, -0.1);(0.0, 0.0, 0.0, 1.0);
76;2022/06/14 12:00:32 868;(-0.2, 1.9, 0.1);(0.2, 0.8, -0.5, 0.2);(-0.2, 1.9, 0.1);(0.2, 0.8, -0.5, 0.2);VirtualObject (HR_Toolkit.RedirectionObject);BodyWarping_Zenner;(0.0, 1.2, 0.4);(0.0, 0.0, 0.0, 1.0);(0.0, 1.2, 0.4);(0.0, 0.0, 0.0, 1.0);(-0.1, -4.8, -0.1);(0.0, 0.0, 0.0, 1.0);
77;2022/06/14 12:00:32 881;(-0.2, 1.9, 0.1);(0.2, 0.8, -0.5, 0.2);(-0.2, 1.9, 0.1);(0.2, 0.8, -0.5, 0.2);VirtualObject (HR_Toolkit.RedirectionObject);BodyWarping_Zenner;(0.0, 1.2, 0.4);(0.0, 0.0, 0.0, 1.0);(0.0, 1.2, 0.4);(0.0, 0.0, 0.0, 1.0);(-0.1, -4.8, -0.1);(0.0, 0.0, 0.0, 1.0);
78;2022/06/14 12:00:32 894;(-0.2, 1.9, 0.0);(0.2, 0.8, -0.5, 0.3);(-0.2, 1.9, 0.0);(0.2, 0.8, -0.5, 0.3);VirtualObject (HR_Toolkit.RedirectionObject);BodyWarping_Zenner;(0.0, 1.2, 0.4);(0.0, 0.0, 0.0, 1.0);(0.0, 1.2, 0.4);(0.0, 0.0, 0.0, 1.0);(-0.1, -4.8, -0.1);(0.0, 0.0, 0.0, 1.0);
79;2022/06/14 12:00:32 909;(-0.2, 1.9, 0.0);(0.2, 0.8, -0.5, 0.3);(-0.2, 1.9, 0.0);(0.2, 0.8, -0.5, 0.3);VirtualObject (HR_Toolkit.RedirectionObject);BodyWarping_Zenner;(0.0, 1.2, 0.4);(0.0, 0.0, 0.0, 1.0);(0.0, 1.2, 0.4);(0.0, 0.0, 0.0, 1.0);(-0.1, -4.8, -0.1);(0.0, 0.0, 0.0, 1.0);
80;2022/06/14 12:00:32 923;(-0.2, 1.9, 0.0);(0.2, 0.8, -0.5, 0.3);(-0.2, 1.9, 0.0);(0.2, 0.8, -0.5, 0.3);VirtualObject (HR_Toolkit.RedirectionObject);BodyWarping_Zenner;(0.0, 1.2, 0.4);(0.0, 0.0, 0.0, 1.0);(0.0, 1.2, 0.4);(0.0, 0.0, 0.0, 1.0);(-0.1, -4.8, -0.1);(0.0, 0.0, 0.0, 1.0);
81;2022/06/14 12:00:32 937;(-0.2, 1.9, 0.0);(0.2, 0.8, -0.5, 0.3);(-0.2, 1.9, 0.0);(0.2, 0.8, -0.5, 0.3);VirtualObject (HR_Toolkit.RedirectionObject);BodyWarping_Zenner;(0.0, 1.2, 0.4);(0.0, 0.0, 0.0, 1.0);(0.0, 1.2, 0.4);(0.0, 0.0, 0.0, 1.0);(-0.1, -4.8, -0.1);(0.0, 0.0, 0.0, 1.0);
82;2022/06/14 12:00:32 951;(-0.2, 1.9, 0.0);(0.2, 0.8, -0.5, 0.3);(-0.2, 1.9, 0.0);(0.2, 0.8, -0.5, 0.3);VirtualObject (HR_Toolkit.RedirectionObject);BodyWarping_Zenner;(0.0, 1.2, 0.4);(0.0, 0.0, 0.0, 1.0);(0.0, 1.2, 0.4);(0.0, 0.0, 0.0, 1.0);(-0.1, -4.8, -0.1);(0.0, 0.0, 0.0, 1.0);
83;2022/06/14 12:00:32 965;(-0.2, 1.9, 0.0);(0.2, 0.8, -0.5, 0.3);(-0.2, 1.9, 0.0);(0.2, 0.8, -0.5, 0.3);VirtualObject (HR_Toolkit.RedirectionObject);BodyWarping_Zenner;(0.0, 1.2, 0.4);(0.0, 0.0, 0.0, 1.0);(0.0, 1.2, 0.4);(0.0, 0.0, 0.0, 1.0);(-0.1, -4.8, -0.1);(0.0, 0.0, 0.0, 1.0);
84;2022/06/14 12:00:32 980;(-0.2, 1.9, 0.0);(0.2, 0.8, -0.5, 0.3);(-0.2, 1.9, 0.0);(0.2, 0.8, -0.5, 0.3);VirtualObject (HR_Toolkit.RedirectionObject);BodyWarping_Zenner;(0.0, 1.2, 0.4);(0.0, 0.0, 0.0, 1.0);(0.0, 1.2, 0.4);(0.0, 0.0, 0.0, 1.0);(-0.1, -4.8, -0.1);(0.0, 0.0, 0.0, 1.0);
85;2022/06/14 12:00:32 997;(-0.2, 1.9, 0.0);(0.2, 0.8, -0.5, 0.3);(-0.2, 1.9, 0.0);(0.2, 0.8, -0.5, 0.3);VirtualObject (HR_Toolkit.RedirectionObject);BodyWarping_Zenner;(0.0, 1.2, 0.4);(0.0, 0.0, 0.0, 1.0);(0.0, 1.2, 0.4);(0.0, 0.0, 0.0, 1.0);(-0.1, -4.8, -0.1);(0.0, 0.0, 0.0, 1.0);
86;2022/06/14 12:00:33 13;(-0.2, 1.9, 0.0);(0.2, 0.8, -0.5, 0.3);(-0.2, 1.9, 0.0);(0.2, 0.8, -0.5, 0.3);VirtualObject (HR_Toolkit.RedirectionObject);BodyWarping_Zenner;(0.0, 1.2, 0.4);(0.0, 0.0, 0.0, 1.0);(0.0, 1.2, 0.4);(0.0, 0.0, 0.0, 1.0);(-0.1, -4.8, -0.1);(0.0, 0.0, 0.0, 1.0);
87;2022/06/14 12:00:33 25;(-0.2, 1.9, 0.0);(0.2, 0.8, -0.5, 0.3);(-0.2, 1.9, 0.0);(0.2, 0.8, -0.5, 0.3);VirtualObject (HR_Toolkit.RedirectionObject);BodyWarping_Zenner;(0.0, 1.2, 0.4);(0.0, 0.0, 0.0, 1.0);(0.0, 1.2, 0.4);(0.0, 0.0, 0.0, 1.0);(-0.1, -4.8, -0.1);(0.0, 0.0, 0.0, 1.0);
88;2022/06/14 12:00:33 37;(-0.2, 1.9, 0.0);(0.2, 0.8, -0.5, 0.3);(-0.2, 1.9, 0.0);(0.2, 0.8, -0.5, 0.3);VirtualObject (HR_Toolkit.RedirectionObject);BodyWarping_Zenner;(0.0, 1.2, 0.4);(0.0, 0.0, 0.0, 1.0);(0.0, 1.2, 0.4);(0.0, 0.0, 0.0, 1.0);(-0.1, -4.8, -0.1);(0.0, 0.0, 0.0, 1.0);
89;2022/06/14 12:00:33 49;(-0.2, 1.9, 0.0);(0.3, 0.8, -0.5, 0.3);(-0.2, 1.9, 0.0);(0.3, 0.8, -0.5, 0.3);VirtualObject (HR_Toolkit.RedirectionObject);BodyWarping_Zenner;(0.0, 1.2, 0.4);(0.0, 0.0, 0.0, 1.0);(0.0, 1.2, 0.4);(0.0, 0.0, 0.0, 1.0);(-0.1, -4.8, -0.1);(0.0, 0.0, 0.0, 1.0);
90;2022/06/14 12:00:33 62;(-0.2, 1.9, 0.0);(0.3, 0.8, -0.5, 0.3);(-0.2, 1.9, 0.0);(0.3, 0.8, -0.5, 0.3);VirtualObject (HR_Toolkit.RedirectionObject);BodyWarping_Zenner;(0.0, 1.2, 0.4);(0.0, 0.0, 0.0, 1.0);(0.0, 1.2, 0.4);(0.0, 0.0, 0.0, 1.0);(-0.1, -4.8, -0.1);(0.0, 0.0, 0.0, 1.0);
91;2022/06/14 12:00:33 75;(-0.2, 1.9, 0.0);(0.3, 0.8, -0.5, 0.3);(-0.2, 1.9, 0.0);(0.3, 0.8, -0.5, 0.3);VirtualObject (HR_Toolkit.RedirectionObject);BodyWarping_Zenner;(0.0, 1.2, 0.4);(0.0, 0.0, 0.0, 1.0);(0.0, 1.2, 0.4);(0.0, 0.0, 0.0, 1.0);(-0.1, -4.8, -0.1);(0.0, 0.0, 0.0, 1.0);
92;2022/06/14 12:00:33 90;(-0.2, 1.9, 0.0);(0.3, 0.8, -0.5, 0.3);(-0.2, 1.9, 0.0);(0.3, 0.8, -0.5, 0.3);VirtualObject (HR_Toolkit.RedirectionObject);BodyWarping_Zenner;(0.0, 1.2, 0.4);(0.0, 0.0, 0.0, 1.0);(0.0, 1.2, 0.4);(0.0, 0.0, 0.0, 1.0);(-0.1, -4.8, -0.1);(0.0, 0.0, 0.0, 1.0);
93;2022/06/14 12:00:33 104;(-0.2, 1.8, 0.0);(0.3, 0.7, -0.6, 0.3);(-0.2, 1.8, 0.0);(0.3, 0.7, -0.6, 0.3);VirtualObject (HR_Toolkit.RedirectionObject);BodyWarping_Zenner;(0.0, 1.2, 0.4);(0.0, 0.0, 0.0, 1.0);(0.0, 1.2, 0.4);(0.0, 0.0, 0.0, 1.0);(-0.1, -4.8, -0.1);(0.0, 0.0, 0.0, 1.0);
94;2022/06/14 12:00:33 117;(-0.2, 1.8, 0.0);(0.3, 0.7, -0.6, 0.3);(-0.2, 1.8, 0.0);(0.3, 0.7, -0.6, 0.3);VirtualObject (HR_Toolkit.RedirectionObject);BodyWarping_Zenner;(0.0, 1.2, 0.4);(0.0, 0.0, 0.0, 1.0);(0.0, 1.2, 0.4);(0.0, 0.0, 0.0, 1.0);(-0.1, -4.8, -0.1);(0.0, 0.0, 0.0, 1.0);
95;2022/06/14 12:00:33 134;(-0.2, 1.8, 0.0);(0.3, 0.7, -0.6, 0.3);(-0.2, 1.8, 0.0);(0.3, 0.7, -0.6, 0.3);VirtualObject (HR_Toolkit.RedirectionObject);BodyWarping_Zenner;(0.0, 1.2, 0.4);(0.0, 0.0, 0.0, 1.0);(0.0, 1.2, 0.4);(0.0, 0.0, 0.0, 1.0);(-0.1, -4.8, -0.1);(0.0, 0.0, 0.0, 1.0);
96;2022/06/14 12:00:33 145;(-0.2, 1.8, 0.0);(0.3, 0.7, -0.6, 0.3);(-0.2, 1.8, 0.0);(0.3, 0.7, -0.6, 0.3);VirtualObject (HR_Toolkit.RedirectionObject);BodyWarping_Zenner;(0.0, 1.2, 0.4);(0.0, 0.0, 0.0, 1.0);(0.0, 1.2, 0.4);(0.0, 0.0, 0.0, 1.0);(-0.1, -4.8, -0.1);(0.0, 0.0, 0.0, 1.0);
97;2022/06/14 12:00:33 159;(-0.2, 1.8, 0.0);(0.3, 0.7, -0.6, 0.3);(-0.2, 1.8, 0.0);(0.3, 0.7, -0.6, 0.3);VirtualObject (HR_Toolkit.RedirectionObject);BodyWarping_Zenner;(0.0, 1.2, 0.4);(0.0, 0.0, 0.0, 1.0);(0.0, 1.2, 0.4);(0.0, 0.0, 0.0, 1.0);(-0.1, -4.8, -0.1);(0.0, 0.0, 0.0, 1.0);
98;2022/06/14 12:00:33 174;(-0.2, 1.8, 0.0);(0.3, 0.7, -0.6, 0.3);(-0.2, 1.8, 0.0);(0.3, 0.7, -0.6, 0.3);VirtualObject (HR_Toolkit.RedirectionObject);BodyWarping_Zenner;(0.0, 1.2, 0.4);(0.0, 0.0, 0.0, 1.0);(0.0, 1.2, 0.4);(0.0, 0.0, 0.0, 1.0);(-0.1, -4.8, -0.1);(0.0, 0.0, 0.0, 1.0);
99;2022/06/14 12:00:33 187;(-0.2, 1.8, 0.0);(0.3, 0.7, -0.6, 0.3);(-0.2, 1.8, 0.0);(0.3, 0.7, -0.6, 0.3);VirtualObject (HR_Toolkit.RedirectionObject);BodyWarping_Zenner;(0.0, 1.2, 0.4);(0.0, 0.0, 0.0, 1.0);(0.0, 1.2, 0.4);(0.0, 0.0, 0.0, 1.0);(-0.1, -4.8, -0.1);(0.0, 0.0, 0.0, 1.0);
100;2022/06/14 12:00:33 202;(-0.2, 1.8, 0.0);(0.3, 0.7, -0.6, 0.3);(-0.2, 1.8, 0.0);(0.3, 0.7, -0.6, 0.3);VirtualObject (HR_Toolkit.RedirectionObject);BodyWarping_Zenner;(0.0, 1.2, 0.4);(0.0, 0.0, 0.0, 1.0);(0.0, 1.2, 0.4);(0.0, 0.0, 0.0, 1.0);(-0.1, -4.8, -0.1);(0.0, 0.0, 0.0, 1.0);
101;2022/06/14 12:00:33 214;(-0.2, 1.8, 0.0);(0.3, 0.7, -0.6, 0.3);(-0.2, 1.8, 0.0);(0.3, 0.7, -0.6, 0.3);VirtualObject (HR_Toolkit.RedirectionObject);BodyWarping_Zenner;(0.0, 1.2, 0.4);(0.0, 0.0, 0.0, 1.0);(0.0, 1.2, 0.4);(0.0, 0.0, 0.0, 1.0);(-0.1, -4.8, -0.1);(0.0, 0.0, 0.0, 1.0);
102;2022/06/14 12:00:33 229;(-0.2, 1.8, 0.0);(0.3, 0.7, -0.6, 0.3);(-0.2, 1.8, 0.0);(0.3, 0.7, -0.6, 0.3);VirtualObject (HR_Toolkit.RedirectionObject);BodyWarping_Zenner;(0.0, 1.2, 0.4);(0.0, 0.0, 0.0, 1.0);(0.0, 1.2, 0.4);(0.0, 0.0, 0.0, 1.0);(-0.1, -4.8, -0.1);(0.0, 0.0, 0.0, 1.0);
103;2022/06/14 12:00:33 244;(-0.2, 1.8, 0.0);(0.3, 0.7, -0.6, 0.3);(-0.2, 1.8, 0.0);(0.3, 0.7, -0.6, 0.3);VirtualObject (HR_Toolkit.RedirectionObject);BodyWarping_Zenner;(0.0, 1.2, 0.4);(0.0, 0.0, 0.0, 1.0);(0.0, 1.2, 0.4);(0.0, 0.0, 0.0, 1.0);(-0.1, -4.8, -0.1);(0.0, 0.0, 0.0, 1.0);
104;2022/06/14 12:00:33 256;(-0.2, 1.8, 0.0);(0.3, 0.7, -0.6, 0.3);(-0.2, 1.8, 0.0);(0.3, 0.7, -0.6, 0.3);VirtualObject (HR_Toolkit.RedirectionObject);BodyWarping_Zenner;(0.0, 1.2, 0.4);(0.0, 0.0, 0.0, 1.0);(0.0, 1.2, 0.4);(0.0, 0.0, 0.0, 1.0);(-0.1, -4.8, -0.1);(0.0, 0.0, 0.0, 1.0);
105;2022/06/14 12:00:33 272;(-0.2, 1.8, 0.0);(0.3, 0.7, -0.6, 0.3);(-0.2, 1.8, 0.0);(0.3, 0.7, -0.6, 0.3);VirtualObject (HR_Toolkit.RedirectionObject);BodyWarping_Zenner;(0.0, 1.2, 0.4);(0.0, 0.0, 0.0, 1.0);(0.0, 1.2, 0.4);(0.0, 0.0, 0.0, 1.0);(-0.1, -4.8, -0.1);(0.0, 0.0, 0.0, 1.0);
106;2022/06/14 12:00:33 284;(-0.2, 1.8, 0.0);(0.3, 0.7, -0.6, 0.3);(-0.2, 1.8, 0.0);(0.3, 0.7, -0.6, 0.3);VirtualObject (HR_Toolkit.RedirectionObject);BodyWarping_Zenner;(0.0, 1.2, 0.4);(0.0, 0.0, 0.0, 1.0);(0.0, 1.2, 0.4);(0.0, 0.0, 0.0, 1.0);(-0.1, -4.8, -0.1);(0.0, 0.0, 0.0, 1.0);
107;2022/06/14 12:00:33 297;(-0.2, 1.8, 0.0);(0.3, 0.7, -0.6, 0.3);(-0.2, 1.8, 0.0);(0.3, 0.7, -0.6, 0.3);VirtualObject (HR_Toolkit.RedirectionObject);BodyWarping_Zenner;(0.0, 1.2, 0.4);(0.0, 0.0, 0.0, 1.0);(0.0, 1.2, 0.4);(0.0, 0.0, 0.0, 1.0);(-0.1, -4.8, -0.1);(0.0, 0.0, 0.0, 1.0);
108;2022/06/14 12:00:33 313;(-0.2, 1.8, 0.0);(0.3, 0.7, -0.6, 0.3);(-0.2, 1.8, 0.0);(0.3, 0.7, -0.6, 0.3);VirtualObject (HR_Toolkit.RedirectionObject);BodyWarping_Zenner;(0.0, 1.2, 0.4);(0.0, 0.0, 0.0, 1.0);(0.0, 1.2, 0.4);(0.0, 0.0, 0.0, 1.0);(-0.1, -4.8, -0.1);(0.0, 0.0, 0.0, 1.0);
109;2022/06/14 12:00:33 326;(-0.2, 1.8, 0.0);(0.3, 0.7, -0.6, 0.4);(-0.2, 1.8, 0.0);(0.3, 0.7, -0.6, 0.4);VirtualObject (HR_Toolkit.RedirectionObject);BodyWarping_Zenner;(0.0, 1.2, 0.4);(0.0, 0.0, 0.0, 1.0);(0.0, 1.2, 0.4);(0.0, 0.0, 0.0, 1.0);(-0.1, -4.8, -0.1);(0.0, 0.0, 0.0, 1.0);
110;2022/06/14 12:00:33 340;(-0.2, 1.8, 0.0);(0.3, 0.7, -0.6, 0.4);(-0.2, 1.8, 0.0);(0.3, 0.7, -0.6, 0.4);VirtualObject (HR_Toolkit.RedirectionObject);BodyWarping_Zenner;(0.0, 1.2, 0.4);(0.0, 0.0, 0.0, 1.0);(0.0, 1.2, 0.4);(0.0, 0.0, 0.0, 1.0);(-0.1, -4.8, -0.1);(0.0, 0.0, 0.0, 1.0);
111;2022/06/14 12:00:33 354;(-0.2, 1.8, 0.0);(0.3, 0.7, -0.6, 0.4);(-0.2, 1.8, 0.0);(0.3, 0.7, -0.6, 0.4);VirtualObject (HR_Toolkit.RedirectionObject);BodyWarping_Zenner;(0.0, 1.2, 0.4);(0.0, 0.0, 0.0, 1.0);(0.0, 1.2, 0.4);(0.0, 0.0, 0.0, 1.0);(-0.1, -4.8, -0.1);(0.0, 0.0, 0.0, 1.0);
112;2022/06/14 12:00:33 368;(-0.2, 1.8, 0.0);(0.3, 0.7, -0.6, 0.4);(-0.2, 1.8, 0.0);(0.3, 0.7, -0.6, 0.4);VirtualObject (HR_Toolkit.RedirectionObject);BodyWarping_Zenner;(0.0, 1.2, 0.4);(0.0, 0.0, 0.0, 1.0);(0.0, 1.2, 0.4);(0.0, 0.0, 0.0, 1.0);(-0.1, -4.8, -0.1);(0.0, 0.0, 0.0, 1.0);
113;2022/06/14 12:00:33 382;(-0.2, 1.8, -0.1);(0.3, 0.7, -0.6, 0.4);(-0.2, 1.8, -0.1);(0.3, 0.7, -0.6, 0.4);VirtualObject (HR_Toolkit.RedirectionObject);BodyWarping_Zenner;(0.0, 1.2, 0.4);(0.0, 0.0, 0.0, 1.0);(0.0, 1.2, 0.4);(0.0, 0.0, 0.0, 1.0);(-0.1, -4.8, -0.1);(0.0, 0.0, 0.0, 1.0);
114;2022/06/14 12:00:33 396;(-0.2, 1.8, -0.1);(0.3, 0.7, -0.6, 0.4);(-0.2, 1.8, -0.1);(0.3, 0.7, -0.6, 0.4);VirtualObject (HR_Toolkit.RedirectionObject);BodyWarping_Zenner;(0.0, 1.2, 0.4);(0.0, 0.0, 0.0, 1.0);(0.0, 1.2, 0.4);(0.0, 0.0, 0.0, 1.0);(-0.1, -4.8, -0.1);(0.0, 0.0, 0.0, 1.0);
115;2022/06/14 12:00:33 409;(-0.2, 1.8, -0.1);(0.3, 0.7, -0.6, 0.4);(-0.2, 1.8, -0.1);(0.3, 0.7, -0.6, 0.4);VirtualObject (HR_Toolkit.RedirectionObject);BodyWarping_Zenner;(0.0, 1.2, 0.4);(0.0, 0.0, 0.0, 1.0);(0.0, 1.2, 0.4);(0.0, 0.0, 0.0, 1.0);(-0.1, -4.8, -0.1);(0.0, 0.0, 0.0, 1.0);
116;2022/06/14 12:00:33 423;(-0.2, 1.8, -0.1);(0.3, 0.7, -0.6, 0.4);(-0.2, 1.8, -0.1);(0.3, 0.7, -0.6, 0.4);VirtualObject (HR_Toolkit.RedirectionObject);BodyWarping_Zenner;(0.0, 1.2, 0.4);(0.0, 0.0, 0.0, 1.0);(0.0, 1.2, 0.4);(0.0, 0.0, 0.0, 1.0);(-0.1, -4.8, -0.1);(0.0, 0.0, 0.0, 1.0);
117;2022/06/14 12:00:33 437;(-0.2, 1.8, -0.1);(0.3, 0.7, -0.6, 0.4);(-0.2, 1.8, -0.1);(0.3, 0.7, -0.6, 0.4);VirtualObject (HR_Toolkit.RedirectionObject);BodyWarping_Zenner;(0.0, 1.2, 0.4);(0.0, 0.0, 0.0, 1.0);(0.0, 1.2, 0.4);(0.0, 0.0, 0.0, 1.0);(-0.1, -4.8, -0.1);(0.0, 0.0, 0.0, 1.0);
118;2022/06/14 12:00:33 452;(-0.2, 1.8, -0.1);(0.2, 0.7, -0.6, 0.4);(-0.2, 1.8, -0.1);(0.2, 0.7, -0.6, 0.4);VirtualObject (HR_Toolkit.RedirectionObject);BodyWarping_Zenner;(0.0, 1.2, 0.4);(0.0, 0.0, 0.0, 1.0);(0.0, 1.2, 0.4);(0.0, 0.0, 0.0, 1.0);(-0.1, -4.8, -0.1);(0.0, 0.0, 0.0, 1.0);
119;2022/06/14 12:00:33 465;(-0.2, 1.8, -0.1);(0.2, 0.7, -0.6, 0.4);(-0.2, 1.8, -0.1);(0.2, 0.7, -0.6, 0.4);VirtualObject (HR_Toolkit.RedirectionObject);BodyWarping_Zenner;(0.0, 1.2, 0.4);(0.0, 0.0, 0.0, 1.0);(0.0, 1.2, 0.4);(0.0, 0.0, 0.0, 1.0);(-0.1, -4.8, -0.1);(0.0, 0.0, 0.0, 1.0);
120;2022/06/14 12:00:33 479;(-0.2, 1.8, -0.1);(0.2, 0.7, -0.6, 0.4);(-0.2, 1.8, -0.1);(0.2, 0.7, -0.6, 0.4);VirtualObject (HR_Toolkit.RedirectionObject);BodyWarping_Zenner;(0.0, 1.2, 0.4);(0.0, 0.0, 0.0, 1.0);(0.0, 1.2, 0.4);(0.0, 0.0, 0.0, 1.0);(-0.1, -4.8, -0.1);(0.0, 0.0, 0.0, 1.0);
121;2022/06/14 12:00:33 493;(-0.2, 1.7, -0.1);(0.2, 0.6, -0.6, 0.4);(-0.2, 1.7, -0.1);(0.2, 0.6, -0.6, 0.4);VirtualObject (HR_Toolkit.RedirectionObject);BodyWarping_Zenner;(0.0, 1.2, 0.4);(0.0, 0.0, 0.0, 1.0);(0.0, 1.2, 0.4);(0.0, 0.0, 0.0, 1.0);(-0.1, -4.8, -0.1);(0.0, 0.0, 0.0, 1.0);
122;2022/06/14 12:00:33 507;(-0.2, 1.7, -0.1);(0.2, 0.6, -0.6, 0.4);(-0.2, 1.7, -0.1);(0.2, 0.6, -0.6, 0.4);VirtualObject (HR_Toolkit.RedirectionObject);BodyWarping_Zenner;(0.0, 1.2, 0.4);(0.0, 0.0, 0.0, 1.0);(0.0, 1.2, 0.4);(0.0, 0.0, 0.0, 1.0);(-0.1, -4.8, -0.1);(0.0, 0.0, 0.0, 1.0);
123;2022/06/14 12:00:33 521;(-0.2, 1.7, -0.1);(0.2, 0.6, -0.6, 0.4);(-0.2, 1.7, -0.1);(0.2, 0.6, -0.6, 0.4);VirtualObject (HR_Toolkit.RedirectionObject);BodyWarping_Zenner;(0.0, 1.2, 0.4);(0.0, 0.0, 0.0, 1.0);(0.0, 1.2, 0.4);(0.0, 0.0, 0.0, 1.0);(-0.1, -4.8, -0.1);(0.0, 0.0, 0.0, 1.0);
124;2022/06/14 12:00:33 540;(-0.2, 1.7, -0.1);(0.2, 0.6, -0.6, 0.4);(-0.2, 1.7, -0.1);(0.2, 0.6, -0.6, 0.4);VirtualObject (HR_Toolkit.RedirectionObject);BodyWarping_Zenner;(0.0, 1.2, 0.4);(0.0, 0.0, 0.0, 1.0);(0.0, 1.2, 0.4);(0.0, 0.0, 0.0, 1.0);(-0.1, -4.8, -0.1);(0.0, 0.0, 0.0, 1.0);
125;2022/06/14 12:00:33 549;(-0.2, 1.7, -0.1);(0.2, 0.6, -0.6, 0.4);(-0.2, 1.7, -0.1);(0.2, 0.6, -0.6, 0.4);VirtualObject (HR_Toolkit.RedirectionObject);BodyWarping_Zenner;(0.0, 1.2, 0.4);(0.0, 0.0, 0.0, 1.0);(0.0, 1.2, 0.4);(0.0, 0.0, 0.0, 1.0);(-0.1, -4.8, -0.1);(0.0, 0.0, 0.0, 1.0);
126;2022/06/14 12:00:33 563;(-0.2, 1.7, -0.1);(0.2, 0.6, -0.6, 0.4);(-0.2, 1.7, -0.1);(0.2, 0.6, -0.6, 0.4);VirtualObject (HR_Toolkit.RedirectionObject);BodyWarping_Zenner;(0.0, 1.2, 0.4);(0.0, 0.0, 0.0, 1.0);(0.0, 1.2, 0.4);(0.0, 0.0, 0.0, 1.0);(-0.1, -4.8, -0.1);(0.0, 0.0, 0.0, 1.0);
127;2022/06/14 12:00:33 577;(-0.2, 1.7, -0.1);(0.2, 0.6, -0.6, 0.4);(-0.2, 1.7, -0.1);(0.2, 0.6, -0.6, 0.4);VirtualObject (HR_Toolkit.RedirectionObject);BodyWarping_Zenner;(0.0, 1.2, 0.4);(0.0, 0.0, 0.0, 1.0);(0.0, 1.2, 0.4);(0.0, 0.0, 0.0, 1.0);(-0.1, -4.8, -0.1);(0.0, 0.0, 0.0, 1.0);
128;2022/06/14 12:00:33 591;(-0.2, 1.7, -0.1);(0.2, 0.6, -0.6, 0.4);(-0.2, 1.7, -0.1);(0.2, 0.6, -0.6, 0.4);VirtualObject (HR_Toolkit.RedirectionObject);BodyWarping_Zenner;(0.0, 1.2, 0.4);(0.0, 0.0, 0.0, 1.0);(0.0, 1.2, 0.4);(0.0, 0.0, 0.0, 1.0);(-0.1, -4.8, -0.1);(0.0, 0.0, 0.0, 1.0);
129;2022/06/14 12:00:33 604;(-0.2, 1.7, -0.1);(0.2, 0.6, -0.6, 0.4);(-0.2, 1.7, -0.1);(0.2, 0.6, -0.6, 0.4);VirtualObject (HR_Toolkit.RedirectionObject);BodyWarping_Zenner;(0.0, 1.2, 0.4);(0.0, 0.0, 0.0, 1.0);(0.0, 1.2, 0.4);(0.0, 0.0, 0.0, 1.0);(-0.1, -4.8, -0.1);(0.0, 0.0, 0.0, 1.0);
130;2022/06/14 12:00:33 618;(-0.2, 1.7, -0.1);(0.2, 0.6, -0.6, 0.4);(-0.2, 1.7, -0.1);(0.2, 0.6, -0.6, 0.4);VirtualObject (HR_Toolkit.RedirectionObject);BodyWarping_Zenner;(0.0, 1.2, 0.4);(0.0, 0.0, 0.0, 1.0);(0.0, 1.2, 0.4);(0.0, 0.0, 0.0, 1.0);(-0.1, -4.8, -0.1);(0.0, 0.0, 0.0, 1.0);
131;2022/06/14 12:00:33 632;(-0.2, 1.7, -0.1);(0.2, 0.6, -0.6, 0.4);(-0.2, 1.7, -0.1);(0.2, 0.6, -0.6, 0.4);VirtualObject (HR_Toolkit.RedirectionObject);BodyWarping_Zenner;(0.0, 1.2, 0.4);(0.0, 0.0, 0.0, 1.0);(0.0, 1.2, 0.4);(0.0, 0.0, 0.0, 1.0);(-0.1, -4.8, -0.1);(0.0, 0.0, 0.0, 1.0);
132;2022/06/14 12:00:33 646;(-0.2, 1.7, -0.1);(0.2, 0.6, -0.6, 0.4);(-0.2, 1.7, -0.1);(0.2, 0.6, -0.6, 0.4);VirtualObject (HR_Toolkit.RedirectionObject);BodyWarping_Zenner;(0.0, 1.2, 0.4);(0.0, 0.0, 0.0, 1.0);(0.0, 1.2, 0.4);(0.0, 0.0, 0.0, 1.0);(-0.1, -4.8, -0.1);(0.0, 0.0, 0.0, 1.0);
133;2022/06/14 12:00:33 660;(-0.2, 1.7, -0.1);(0.2, 0.6, -0.6, 0.4);(-0.2, 1.7, -0.1);(0.2, 0.6, -0.6, 0.4);VirtualObject (HR_Toolkit.RedirectionObject);BodyWarping_Zenner;(0.0, 1.2, 0.4);(0.0, 0.0, 0.0, 1.0);(0.0, 1.2, 0.4);(0.0, 0.0, 0.0, 1.0);(-0.1, -4.8, -0.1);(0.0, 0.0, 0.0, 1.0);
134;2022/06/14 12:00:33 674;(-0.2, 1.7, -0.1);(0.2, 0.6, -0.6, 0.4);(-0.2, 1.7, -0.1);(0.2, 0.6, -0.6, 0.4);VirtualObject (HR_Toolkit.RedirectionObject);BodyWarping_Zenner;(0.0, 1.2, 0.4);(0.0, 0.0, 0.0, 1.0);(0.0, 1.2, 0.4);(0.0, 0.0, 0.0, 1.0);(-0.1, -4.8, -0.1);(0.0, 0.0, 0.0, 1.0);
135;2022/06/14 12:00:33 688;(-0.2, 1.7, -0.1);(0.2, 0.6, -0.6, 0.4);(-0.2, 1.7, -0.1);(0.2, 0.6, -0.6, 0.4);VirtualObject (HR_Toolkit.RedirectionObject);BodyWarping_Zenner;(0.0, 1.2, 0.4);(0.0, 0.0, 0.0, 1.0);(0.0, 1.2, 0.4);(0.0, 0.0, 0.0, 1.0);(-0.1, -4.8, -0.1);(0.0, 0.0, 0.0, 1.0);
136;2022/06/14 12:00:33 701;(-0.2, 1.7, -0.1);(0.2, 0.6, -0.6, 0.4);(-0.2, 1.7, -0.1);(0.2, 0.6, -0.6, 0.4);VirtualObject (HR_Toolkit.RedirectionObject);BodyWarping_Zenner;(0.0, 1.2, 0.4);(0.0, 0.0, 0.0, 1.0);(0.0, 1.2, 0.4);(0.0, 0.0, 0.0, 1.0);(-0.1, -4.8, -0.1);(0.0, 0.0, 0.0, 1.0);
137;2022/06/14 12:00:33 716;(-0.2, 1.7, -0.1);(0.2, 0.6, -0.6, 0.4);(-0.2, 1.7, -0.1);(0.2, 0.6, -0.6, 0.4);VirtualObject (HR_Toolkit.RedirectionObject);BodyWarping_Zenner;(0.0, 1.2, 0.4);(0.0, 0.0, 0.0, 1.0);(0.0, 1.2, 0.4);(0.0, 0.0, 0.0, 1.0);(-0.1, -4.8, -0.1);(0.0, 0.0, 0.0, 1.0);
138;2022/06/14 12:00:33 730;(-0.2, 1.7, -0.1);(0.2, 0.6, -0.6, 0.4);(-0.2, 1.7, -0.1);(0.2, 0.6, -0.6, 0.4);VirtualObject (HR_Toolkit.RedirectionObject);BodyWarping_Zenner;(0.0, 1.2, 0.4);(0.0, 0.0, 0.0, 1.0);(0.0, 1.2, 0.4);(0.0, 0.0, 0.0, 1.0);(-0.1, -4.8, -0.1);(0.0, 0.0, 0.0, 1.0);
139;2022/06/14 12:00:33 744;(-0.2, 1.7, -0.1);(0.2, 0.6, -0.6, 0.4);(-0.2, 1.7, -0.1);(0.2, 0.6, -0.6, 0.4);VirtualObject (HR_Toolkit.RedirectionObject);BodyWarping_Zenner;(0.0, 1.2, 0.4);(0.0, 0.0, 0.0, 1.0);(0.0, 1.2, 0.4);(0.0, 0.0, 0.0, 1.0);(-0.1, -4.8, -0.1);(0.0, 0.0, 0.0, 1.0);
140;2022/06/14 12:00:33 758;(-0.2, 1.7, -0.1);(0.2, 0.6, -0.6, 0.4);(-0.2, 1.7, -0.1);(0.2, 0.6, -0.6, 0.4);VirtualObject (HR_Toolkit.RedirectionObject);BodyWarping_Zenner;(0.0, 1.2, 0.4);(0.0, 0.0, 0.0, 1.0);(0.0, 1.2, 0.4);(0.0, 0.0, 0.0, 1.0);(-0.1, -4.8, -0.1);(0.0, 0.0, 0.0, 1.0);
141;2022/06/14 12:00:33 772;(-0.2, 1.7, -0.1);(0.2, 0.6, -0.6, 0.4);(-0.2, 1.7, -0.1);(0.2, 0.6, -0.6, 0.4);VirtualObject (HR_Toolkit.RedirectionObject);BodyWarping_Zenner;(0.0, 1.2, 0.4);(0.0, 0.0, 0.0, 1.0);(0.0, 1.2, 0.4);(0.0, 0.0, 0.0, 1.0);(-0.1, -4.8, -0.1);(0.0, 0.0, 0.0, 1.0);
142;2022/06/14 12:00:33 786;(-0.2, 1.7, -0.1);(0.2, 0.6, -0.6, 0.4);(-0.2, 1.7, -0.1);(0.2, 0.6, -0.6, 0.4);VirtualObject (HR_Toolkit.RedirectionObject);BodyWarping_Zenner;(0.0, 1.2, 0.4);(0.0, 0.0, 0.0, 1.0);(0.0, 1.2, 0.4);(0.0, 0.0, 0.0, 1.0);(-0.1, -4.8, -0.1);(0.0, 0.0, 0.0, 1.0);
143;2022/06/14 12:00:33 799;(-0.2, 1.7, -0.1);(0.2, 0.6, -0.6, 0.4);(-0.2, 1.7, -0.1);(0.2, 0.6, -0.6, 0.4);VirtualObject (HR_Toolkit.RedirectionObject);BodyWarping_Zenner;(0.0, 1.2, 0.4);(0.0, 0.0, 0.0, 1.0);(0.0, 1.2, 0.4);(0.0, 0.0, 0.0, 1.0);(-0.1, -4.8, -0.1);(0.0, 0.0, 0.0, 1.0);
144;2022/06/14 12:00:33 814;(-0.2, 1.7, -0.1);(0.2, 0.6, -0.7, 0.4);(-0.2, 1.7, -0.1);(0.2, 0.6, -0.7, 0.4);VirtualObject (HR_Toolkit.RedirectionObject);BodyWarping_Zenner;(0.0, 1.2, 0.4);(0.0, 0.0, 0.0, 1.0);(0.0, 1.2, 0.4);(0.0, 0.0, 0.0, 1.0);(-0.1, -4.8, -0.1);(0.0, 0.0, 0.0, 1.0);
145;2022/06/14 12:00:33 827;(-0.2, 1.7, -0.1);(0.2, 0.6, -0.7, 0.4);(-0.2, 1.7, -0.1);(0.2, 0.6, -0.7, 0.4);VirtualObject (HR_Toolkit.RedirectionObject);BodyWarping_Zenner;(0.0, 1.2, 0.4);(0.0, 0.0, 0.0, 1.0);(0.0, 1.2, 0.4);(0.0, 0.0, 0.0, 1.0);(-0.1, -4.8, -0.1);(0.0, 0.0, 0.0, 1.0);
146;2022/06/14 12:00:33 841;(-0.2, 1.7, -0.1);(0.2, 0.6, -0.7, 0.4);(-0.2, 1.7, -0.1);(0.2, 0.6, -0.7, 0.4);VirtualObject (HR_Toolkit.RedirectionObject);BodyWarping_Zenner;(0.0, 1.2, 0.4);(0.0, 0.0, 0.0, 1.0);(0.0, 1.2, 0.4);(0.0, 0.0, 0.0, 1.0);(-0.1, -4.8, -0.1);(0.0, 0.0, 0.0, 1.0);
147;2022/06/14 12:00:33 855;(-0.2, 1.7, -0.1);(0.2, 0.6, -0.7, 0.4);(-0.2, 1.7, -0.1);(0.2, 0.6, -0.7, 0.4);VirtualObject (HR_Toolkit.RedirectionObject);BodyWarping_Zenner;(0.0, 1.2, 0.4);(0.0, 0.0, 0.0, 1.0);(0.0, 1.2, 0.4);(0.0, 0.0, 0.0, 1.0);(-0.1, -4.8, -0.1);(0.0, 0.0, 0.0, 1.0);
148;2022/06/14 12:00:33 869;(-0.2, 1.7, -0.1);(0.2, 0.6, -0.7, 0.4);(-0.2, 1.7, -0.1);(0.2, 0.6, -0.7, 0.4);VirtualObject (HR_Toolkit.RedirectionObject);BodyWarping_Zenner;(0.0, 1.2, 0.4);(0.0, 0.0, 0.0, 1.0);(0.0, 1.2, 0.4);(0.0, 0.0, 0.0, 1.0);(-0.1, -4.8, -0.1);(0.0, 0.0, 0.0, 1.0);
149;2022/06/14 12:00:33 883;(-0.2, 1.7, -0.1);(0.2, 0.6, -0.7, 0.4);(-0.2, 1.7, -0.1);(0.2, 0.6, -0.7, 0.4);VirtualObject (HR_Toolkit.RedirectionObject);BodyWarping_Zenner;(0.0, 1.2, 0.4);(0.0, 0.0, 0.0, 1.0);(0.0, 1.2, 0.4);(0.0, 0.0, 0.0, 1.0);(-0.1, -4.8, -0.1);(0.0, 0.0, 0.0, 1.0);
150;2022/06/14 12:00:33 897;(-0.2, 1.7, -0.1);(0.2, 0.6, -0.7, 0.4);(-0.2, 1.7, -0.1);(0.2, 0.6, -0.7, 0.4);VirtualObject (HR_Toolkit.RedirectionObject);BodyWarping_Zenner;(0.0, 1.2, 0.4);(0.0, 0.0, 0.0, 1.0);(0.0, 1.2, 0.4);(0.0, 0.0, 0.0, 1.0);(-0.1, -4.8, -0.1);(0.0, 0.0, 0.0, 1.0);
151;2022/06/14 12:00:33 911;(-0.2, 1.7, -0.1);(0.2, 0.6, -0.7, 0.4);(-0.2, 1.7, -0.1);(0.2, 0.6, -0.7, 0.4);VirtualObject (HR_Toolkit.RedirectionObject);BodyWarping_Zenner;(0.0, 1.2, 0.4);(0.0, 0.0, 0.0, 1.0);(0.0, 1.2, 0.4);(0.0, 0.0, 0.0, 1.0);(-0.1, -4.8, -0.1);(0.0, 0.0, 0.0, 1.0);
152;2022/06/14 12:00:33 925;(-0.2, 1.7, -0.1);(0.2, 0.6, -0.7, 0.4);(-0.2, 1.7, -0.1);(0.2, 0.6, -0.7, 0.4);VirtualObject (HR_Toolkit.RedirectionObject);BodyWarping_Zenner;(0.0, 1.2, 0.4);(0.0, 0.0, 0.0, 1.0);(0.0, 1.2, 0.4);(0.0, 0.0, 0.0, 1.0);(-0.1, -4.8, -0.1);(0.0, 0.0, 0.0, 1.0);
153;2022/06/14 12:00:33 944;(-0.2, 1.7, -0.1);(0.2, 0.6, -0.7, 0.4);(-0.2, 1.7, -0.1);(0.2, 0.6, -0.7, 0.4);VirtualObject (HR_Toolkit.RedirectionObject);BodyWarping_Zenner;(0.0, 1.2, 0.4);(0.0, 0.0, 0.0, 1.0);(0.0, 1.2, 0.4);(0.0, 0.0, 0.0, 1.0);(-0.1, -4.8, -0.1);(0.0, 0.0, 0.0, 1.0);
154;2022/06/14 12:00:33 953;(-0.2, 1.7, -0.1);(0.2, 0.6, -0.7, 0.4);(-0.2, 1.7, -0.1);(0.2, 0.6, -0.7, 0.4);VirtualObject (HR_Toolkit.RedirectionObject);BodyWarping_Zenner;(0.0, 1.2, 0.4);(0.0, 0.0, 0.0, 1.0);(0.0, 1.2, 0.4);(0.0, 0.0, 0.0, 1.0);(-0.1, -4.8, -0.1);(0.0, 0.0, 0.0, 1.0);
155;2022/06/14 12:00:33 967;(-0.2, 1.7, -0.1);(0.2, 0.6, -0.7, 0.4);(-0.2, 1.7, -0.1);(0.2, 0.6, -0.7, 0.4);VirtualObject (HR_Toolkit.RedirectionObject);BodyWarping_Zenner;(0.0, 1.2, 0.4);(0.0, 0.0, 0.0, 1.0);(0.0, 1.2, 0.4);(0.0, 0.0, 0.0, 1.0);(-0.1, -4.8, -0.1);(0.0, 0.0, 0.0, 1.0);
156;2022/06/14 12:00:33 981;(-0.2, 1.7, -0.1);(0.2, 0.6, -0.7, 0.4);(-0.2, 1.7, -0.1);(0.2, 0.6, -0.7, 0.4);VirtualObject (HR_Toolkit.RedirectionObject);BodyWarping_Zenner;(0.0, 1.2, 0.4);(0.0, 0.0, 0.0, 1.0);(0.0, 1.2, 0.4);(0.0, 0.0, 0.0, 1.0);(-0.1, -4.8, -0.1);(0.0, 0.0, 0.0, 1.0);
157;2022/06/14 12:00:33 994;(-0.2, 1.7, -0.1);(0.2, 0.6, -0.7, 0.4);(-0.2, 1.7, -0.1);(0.2, 0.6, -0.7, 0.4);VirtualObject (HR_Toolkit.RedirectionObject);BodyWarping_Zenner;(0.0, 1.2, 0.4);(0.0, 0.0, 0.0, 1.0);(0.0, 1.2, 0.4);(0.0, 0.0, 0.0, 1.0);(-0.1, -4.8, -0.1);(0.0, 0.0, 0.0, 1.0);
158;2022/06/14 12:00:34 8;(-0.2, 1.7, -0.1);(0.2, 0.6, -0.7, 0.4);(-0.2, 1.7, -0.1);(0.2, 0.6, -0.7, 0.4);VirtualObject (HR_Toolkit.RedirectionObject);BodyWarping_Zenner;(0.0, 1.2, 0.4);(0.0, 0.0, 0.0, 1.0);(0.0, 1.2, 0.4);(0.0, 0.0, 0.0, 1.0);(-0.1, -4.8, -0.1);(0.0, 0.0, 0.0, 1.0);
159;2022/06/14 12:00:34 22;(-0.1, 1.7, -0.1);(0.2, 0.6, -0.7, 0.4);(-0.1, 1.7, -0.1);(0.2, 0.6, -0.7, 0.4);VirtualObject (HR_Toolkit.RedirectionObject);BodyWarping_Zenner;(0.0, 1.2, 0.4);(0.0, 0.0, 0.0, 1.0);(0.0, 1.2, 0.4);(0.0, 0.0, 0.0, 1.0);(-0.1, -4.8, -0.1);(0.0, 0.0, 0.0, 1.0);
160;2022/06/14 12:00:34 35;(-0.1, 1.7, -0.1);(0.2, 0.6, -0.7, 0.4);(-0.1, 1.7, -0.1);(0.2, 0.6, -0.7, 0.4);VirtualObject (HR_Toolkit.RedirectionObject);BodyWarping_Zenner;(0.0, 1.2, 0.4);(0.0, 0.0, 0.0, 1.0);(0.0, 1.2, 0.4);(0.0, 0.0, 0.0, 1.0);(-0.1, -4.8, -0.1);(0.0, 0.0, 0.0, 1.0);
161;2022/06/14 12:00:34 50;(-0.1, 1.7, -0.1);(0.2, 0.6, -0.7, 0.4);(-0.1, 1.7, -0.1);(0.2, 0.6, -0.7, 0.4);VirtualObject (HR_Toolkit.RedirectionObject);BodyWarping_Zenner;(0.0, 1.2, 0.4);(0.0, 0.0, 0.0, 1.0);(0.0, 1.2, 0.4);(0.0, 0.0, 0.0, 1.0);(-0.1, -4.8, -0.1);(0.0, 0.0, 0.0, 1.0);
162;2022/06/14 12:00:34 64;(-0.1, 1.7, -0.2);(0.2, 0.6, -0.7, 0.4);(-0.1, 1.7, -0.2);(0.2, 0.6, -0.7, 0.4);VirtualObject (HR_Toolkit.RedirectionObject);BodyWarping_Zenner;(0.0, 1.2, 0.4);(0.0, 0.0, 0.0, 1.0);(0.0, 1.2, 0.4);(0.0, 0.0, 0.0, 1.0);(-0.1, -4.8, -0.1);(0.0, 0.0, 0.0, 1.0);
163;2022/06/14 12:00:34 78;(-0.1, 1.7, -0.2);(0.2, 0.6, -0.7, 0.4);(-0.1, 1.7, -0.2);(0.2, 0.6, -0.7, 0.4);VirtualObject (HR_Toolkit.RedirectionObject);BodyWarping_Zenner;(0.0, 1.2, 0.4);(0.0, 0.0, 0.0, 1.0);(0.0, 1.2, 0.4);(0.0, 0.0, 0.0, 1.0);(-0.1, -4.8, -0.1);(0.0, 0.0, 0.0, 1.0);
164;2022/06/14 12:00:34 91;(-0.1, 1.7, -0.2);(0.2, 0.6, -0.7, 0.4);(-0.1, 1.7, -0.2);(0.2, 0.6, -0.7, 0.4);VirtualObject (HR_Toolkit.RedirectionObject);BodyWarping_Zenner;(0.0, 1.2, 0.4);(0.0, 0.0, 0.0, 1.0);(0.0, 1.2, 0.4);(0.0, 0.0, 0.0, 1.0);(-0.1, -4.8, -0.1);(0.0, 0.0, 0.0, 1.0);
165;2022/06/14 12:00:34 105;(-0.1, 1.7, -0.2);(0.2, 0.6, -0.7, 0.4);(-0.1, 1.7, -0.2);(0.2, 0.6, -0.7, 0.4);VirtualObject (HR_Toolkit.RedirectionObject);BodyWarping_Zenner;(0.0, 1.2, 0.4);(0.0, 0.0, 0.0, 1.0);(0.0, 1.2, 0.4);(0.0, 0.0, 0.0, 1.0);(-0.1, -4.8, -0.1);(0.0, 0.0, 0.0, 1.0);
166;2022/06/14 12:00:34 120;(-0.1, 1.7, -0.2);(0.2, 0.6, -0.7, 0.4);(-0.1, 1.7, -0.2);(0.2, 0.6, -0.7, 0.4);VirtualObject (HR_Toolkit.RedirectionObject);BodyWarping_Zenner;(0.0, 1.2, 0.4);(0.0, 0.0, 0.0, 1.0);(0.0, 1.2, 0.4);(0.0, 0.0, 0.0, 1.0);(-0.1, -4.8, -0.1);(0.0, 0.0, 0.0, 1.0);
167;2022/06/14 12:00:34 134;(-0.1, 1.7, -0.2);(0.2, 0.6, -0.7, 0.4);(-0.1, 1.7, -0.2);(0.2, 0.6, -0.7, 0.4);VirtualObject (HR_Toolkit.RedirectionObject);BodyWarping_Zenner;(0.0, 1.2, 0.4);(0.0, 0.0, 0.0, 1.0);(0.0, 1.2, 0.4);(0.0, 0.0, 0.0, 1.0);(-0.1, -4.8, -0.1);(0.0, 0.0, 0.0, 1.0);
168;2022/06/14 12:00:34 148;(-0.1, 1.7, -0.2);(0.2, 0.6, -0.7, 0.4);(-0.1, 1.7, -0.2);(0.2, 0.6, -0.7, 0.4);VirtualObject (HR_Toolkit.RedirectionObject);BodyWarping_Zenner;(0.0, 1.2, 0.4);(0.0, 0.0, 0.0, 1.0);(0.0, 1.2, 0.4);(0.0, 0.0, 0.0, 1.0);(-0.1, -4.8, -0.1);(0.0, 0.0, 0.0, 1.0);
169;2022/06/14 12:00:34 162;(-0.1, 1.7, -0.2);(0.2, 0.6, -0.7, 0.4);(-0.1, 1.7, -0.2);(0.2, 0.6, -0.7, 0.4);VirtualObject (HR_Toolkit.RedirectionObject);BodyWarping_Zenner;(0.0, 1.2, 0.4);(0.0, 0.0, 0.0, 1.0);(0.0, 1.2, 0.4);(0.0, 0.0, 0.0, 1.0);(-0.1, -4.8, -0.1);(0.0, 0.0, 0.0, 1.0);
170;2022/06/14 12:00:34 175;(-0.1, 1.7, -0.2);(0.2, 0.6, -0.7, 0.4);(-0.1, 1.7, -0.2);(0.2, 0.6, -0.7, 0.4);VirtualObject (HR_Toolkit.RedirectionObject);BodyWarping_Zenner;(0.0, 1.2, 0.4);(0.0, 0.0, 0.0, 1.0);(0.0, 1.2, 0.4);(0.0, 0.0, 0.0, 1.0);(-0.1, -4.8, -0.1);(0.0, 0.0, 0.0, 1.0);
171;2022/06/14 12:00:34 189;(-0.1, 1.7, -0.2);(0.2, 0.6, -0.7, 0.4);(-0.1, 1.7, -0.2);(0.2, 0.6, -0.7, 0.4);VirtualObject (HR_Toolkit.RedirectionObject);BodyWarping_Zenner;(0.0, 1.2, 0.4);(0.0, 0.0, 0.0, 1.0);(0.0, 1.2, 0.4);(0.0, 0.0, 0.0, 1.0);(-0.1, -4.8, -0.1);(0.0, 0.0, 0.0, 1.0);
172;2022/06/14 12:00:34 203;(-0.1, 1.7, -0.2);(0.2, 0.6, -0.7, 0.4);(-0.1, 1.7, -0.2);(0.2, 0.6, -0.7, 0.4);VirtualObject (HR_Toolkit.RedirectionObject);BodyWarping_Zenner;(0.0, 1.2, 0.4);(0.0, 0.0, 0.0, 1.0);(0.0, 1.2, 0.4);(0.0, 0.0, 0.0, 1.0);(-0.1, -4.8, -0.1);(0.0, 0.0, 0.0, 1.0);
173;2022/06/14 12:00:34 217;(-0.1, 1.7, -0.2);(0.2, 0.6, -0.7, 0.4);(-0.1, 1.7, -0.2);(0.2, 0.6, -0.7, 0.4);VirtualObject (HR_Toolkit.RedirectionObject);BodyWarping_Zenner;(0.0, 1.2, 0.4);(0.0, 0.0, 0.0, 1.0);(0.0, 1.2, 0.4);(0.0, 0.0, 0.0, 1.0);(-0.1, -4.8, -0.1);(0.0, 0.0, 0.0, 1.0);
174;2022/06/14 12:00:34 232;(-0.1, 1.7, -0.2);(0.2, 0.6, -0.7, 0.4);(-0.1, 1.7, -0.2);(0.2, 0.6, -0.7, 0.4);VirtualObject (HR_Toolkit.RedirectionObject);BodyWarping_Zenner;(0.0, 1.2, 0.4);(0.0, 0.0, 0.0, 1.0);(0.0, 1.2, 0.4);(0.0, 0.0, 0.0, 1.0);(-0.1, -4.8, -0.1);(0.0, 0.0, 0.0, 1.0);
175;2022/06/14 12:00:34 246;(-0.1, 1.7, -0.2);(0.2, 0.6, -0.7, 0.4);(-0.1, 1.7, -0.2);(0.2, 0.6, -0.7, 0.4);VirtualObject (HR_Toolkit.RedirectionObject);BodyWarping_Zenner;(0.0, 1.2, 0.4);(0.0, 0.0, 0.0, 1.0);(0.0, 1.2, 0.4);(0.0, 0.0, 0.0, 1.0);(-0.1, -4.8, -0.1);(0.0, 0.0, 0.0, 1.0);
176;2022/06/14 12:00:34 259;(-0.1, 1.7, -0.2);(0.2, 0.6, -0.7, 0.4);(-0.1, 1.7, -0.2);(0.2, 0.6, -0.7, 0.4);VirtualObject (HR_Toolkit.RedirectionObject);BodyWarping_Zenner;(0.0, 1.2, 0.4);(0.0, 0.0, 0.0, 1.0);(0.0, 1.2, 0.4);(0.0, 0.0, 0.0, 1.0);(-0.1, -4.8, -0.1);(0.0, 0.0, 0.0, 1.0);
177;2022/06/14 12:00:34 274;(-0.1, 1.7, -0.2);(0.2, 0.6, -0.7, 0.4);(-0.1, 1.7, -0.2);(0.2, 0.6, -0.7, 0.4);VirtualObject (HR_Toolkit.RedirectionObject);BodyWarping_Zenner;(0.0, 1.2, 0.4);(0.0, 0.0, 0.0, 1.0);(0.0, 1.2, 0.4);(0.0, 0.0, 0.0, 1.0);(-0.1, -4.8, -0.1);(0.0, 0.0, 0.0, 1.0);
178;2022/06/14 12:00:34 287;(-0.1, 1.7, -0.2);(0.2, 0.6, -0.7, 0.4);(-0.1, 1.7, -0.2);(0.2, 0.6, -0.7, 0.4);VirtualObject (HR_Toolkit.RedirectionObject);BodyWarping_Zenner;(0.0, 1.2, 0.4);(0.0, 0.0, 0.0, 1.0);(0.0, 1.2, 0.4);(0.0, 0.0, 0.0, 1.0);(-0.1, -4.8, -0.1);(0.0, 0.0, 0.0, 1.0);
179;2022/06/14 12:00:34 301;(-0.1, 1.7, -0.2);(0.2, 0.6, -0.7, 0.4);(-0.1, 1.7, -0.2);(0.2, 0.6, -0.7, 0.4);VirtualObject (HR_Toolkit.RedirectionObject);BodyWarping_Zenner;(0.0, 1.2, 0.4);(0.0, 0.0, 0.0, 1.0);(0.0, 1.2, 0.4);(0.0, 0.0, 0.0, 1.0);(-0.1, -4.8, -0.1);(0.0, 0.0, 0.0, 1.0);
180;2022/06/14 12:00:34 315;(-0.1, 1.7, -0.2);(0.2, 0.6, -0.7, 0.4);(-0.1, 1.7, -0.2);(0.2, 0.6, -0.7, 0.4);VirtualObject (HR_Toolkit.RedirectionObject);BodyWarping_Zenner;(0.0, 1.2, 0.4);(0.0, 0.0, 0.0, 1.0);(0.0, 1.2, 0.4);(0.0, 0.0, 0.0, 1.0);(-0.1, -4.8, -0.1);(0.0, 0.0, 0.0, 1.0);
181;2022/06/14 12:00:34 328;(-0.1, 1.7, -0.2);(0.2, 0.6, -0.7, 0.4);(-0.1, 1.7, -0.2);(0.2, 0.6, -0.7, 0.4);VirtualObject (HR_Toolkit.RedirectionObject);BodyWarping_Zenner;(0.0, 1.2, 0.4);(0.0, 0.0, 0.0, 1.0);(0.0, 1.2, 0.4);(0.0, 0.0, 0.0, 1.0);(-0.1, -4.8, -0.1);(0.0, 0.0, 0.0, 1.0);
182;2022/06/14 12:00:34 348;(-0.1, 1.7, -0.2);(0.2, 0.6, -0.7, 0.4);(-0.1, 1.7, -0.2);(0.2, 0.6, -0.7, 0.4);VirtualObject (HR_Toolkit.RedirectionObject);BodyWarping_Zenner;(0.0, 1.2, 0.4);(0.0, 0.0, 0.0, 1.0);(0.0, 1.2, 0.4);(0.0, 0.0, 0.0, 1.0);(-0.1, -4.8, -0.1);(0.0, 0.0, 0.0, 1.0);
183;2022/06/14 12:00:34 358;(-0.1, 1.7, -0.2);(0.2, 0.6, -0.7, 0.4);(-0.1, 1.7, -0.2);(0.2, 0.6, -0.7, 0.4);VirtualObject (HR_Toolkit.RedirectionObject);BodyWarping_Zenner;(0.0, 1.2, 0.4);(0.0, 0.0, 0.0, 1.0);(0.0, 1.2, 0.4);(0.0, 0.0, 0.0, 1.0);(-0.1, -4.8, -0.1);(0.0, 0.0, 0.0, 1.0);
184;2022/06/14 12:00:34 371;(-0.1, 1.7, -0.2);(0.2, 0.6, -0.7, 0.4);(-0.1, 1.7, -0.2);(0.2, 0.6, -0.7, 0.4);VirtualObject (HR_Toolkit.RedirectionObject);BodyWarping_Zenner;(0.0, 1.2, 0.4);(0.0, 0.0, 0.0, 1.0);(0.0, 1.2, 0.4);(0.0, 0.0, 0.0, 1.0);(-0.1, -4.8, -0.1);(0.0, 0.0, 0.0, 1.0);
185;2022/06/14 12:00:34 386;(-0.1, 1.7, -0.2);(0.2, 0.6, -0.7, 0.4);(-0.1, 1.7, -0.2);(0.2, 0.6, -0.7, 0.4);VirtualObject (HR_Toolkit.RedirectionObject);BodyWarping_Zenner;(0.0, 1.2, 0.4);(0.0, 0.0, 0.0, 1.0);(0.0, 1.2, 0.4);(0.0, 0.0, 0.0, 1.0);(-0.1, -4.8, -0.1);(0.0, 0.0, 0.0, 1.0);
186;2022/06/14 12:00:34 398;(-0.1, 1.7, -0.2);(0.2, 0.6, -0.7, 0.4);(-0.1, 1.7, -0.2);(0.2, 0.6, -0.7, 0.4);VirtualObject (HR_Toolkit.RedirectionObject);BodyWarping_Zenner;(0.0, 1.2, 0.4);(0.0, 0.0, 0.0, 1.0);(0.0, 1.2, 0.4);(0.0, 0.0, 0.0, 1.0);(-0.1, -4.8, -0.1);(0.0, 0.0, 0.0, 1.0);
187;2022/06/14 12:00:34 412;(-0.1, 1.7, -0.2);(0.2, 0.6, -0.7, 0.4);(-0.1, 1.7, -0.2);(0.2, 0.6, -0.7, 0.4);VirtualObject (HR_Toolkit.RedirectionObject);BodyWarping_Zenner;(0.0, 1.2, 0.4);(0.0, 0.0, 0.0, 1.0);(0.0, 1.2, 0.4);(0.0, 0.0, 0.0, 1.0);(-0.1, -4.8, -0.1);(0.0, 0.0, 0.0, 1.0);
188;2022/06/14 12:00:34 427;(-0.1, 1.7, -0.2);(0.2, 0.6, -0.7, 0.4);(-0.1, 1.7, -0.2);(0.2, 0.6, -0.7, 0.4);VirtualObject (HR_Toolkit.RedirectionObject);BodyWarping_Zenner;(0.0, 1.2, 0.4);(0.0, 0.0, 0.0, 1.0);(0.0, 1.2, 0.4);(0.0, 0.0, 0.0, 1.0);(-0.1, -4.8, -0.1);(0.0, 0.0, 0.0, 1.0);
189;2022/06/14 12:00:34 441;(-0.1, 1.7, -0.2);(0.2, 0.6, -0.7, 0.4);(-0.1, 1.7, -0.2);(0.2, 0.6, -0.7, 0.4);VirtualObject (HR_Toolkit.RedirectionObject);BodyWarping_Zenner;(0.0, 1.2, 0.4);(0.0, 0.0, 0.0, 1.0);(0.0, 1.2, 0.4);(0.0, 0.0, 0.0, 1.0);(-0.1, -4.8, -0.1);(0.0, 0.0, 0.0, 1.0);
190;2022/06/14 12:00:34 454;(-0.1, 1.7, -0.2);(0.2, 0.6, -0.7, 0.4);(-0.1, 1.7, -0.2);(0.2, 0.6, -0.7, 0.4);VirtualObject (HR_Toolkit.RedirectionObject);BodyWarping_Zenner;(0.0, 1.2, 0.4);(0.0, 0.0, 0.0, 1.0);(0.0, 1.2, 0.4);(0.0, 0.0, 0.0, 1.0);(-0.1, -4.8, -0.1);(0.0, 0.0, 0.0, 1.0);
191;2022/06/14 12:00:34 469;(-0.1, 1.7, -0.2);(0.2, 0.6, -0.7, 0.4);(-0.1, 1.7, -0.2);(0.2, 0.6, -0.7, 0.4);VirtualObject (HR_Toolkit.RedirectionObject);BodyWarping_Zenner;(0.0, 1.2, 0.4);(0.0, 0.0, 0.0, 1.0);(0.0, 1.2, 0.4);(0.0, 0.0, 0.0, 1.0);(-0.1, -4.8, -0.1);(0.0, 0.0, 0.0, 1.0);
192;2022/06/14 12:00:34 483;(-0.1, 1.7, -0.2);(0.2, 0.6, -0.7, 0.4);(-0.1, 1.7, -0.2);(0.2, 0.6, -0.7, 0.4);VirtualObject (HR_Toolkit.RedirectionObject);BodyWarping_Zenner;(0.0, 1.2, 0.4);(0.0, 0.0, 0.0, 1.0);(0.0, 1.2, 0.4);(0.0, 0.0, 0.0, 1.0);(-0.1, -4.8, -0.1);(0.0, 0.0, 0.0, 1.0);
193;2022/06/14 12:00:34 497;(-0.1, 1.7, -0.2);(0.2, 0.6, -0.7, 0.4);(-0.1, 1.7, -0.2);(0.2, 0.6, -0.7, 0.4);VirtualObject (HR_Toolkit.RedirectionObject);BodyWarping_Zenner;(0.0, 1.2, 0.4);(0.0, 0.0, 0.0, 1.0);(0.0, 1.2, 0.4);(0.0, 0.0, 0.0, 1.0);(-0.1, -4.8, -0.1);(0.0, 0.0, 0.0, 1.0);
194;2022/06/14 12:00:34 510;(-0.1, 1.7, -0.2);(0.2, 0.6, -0.7, 0.4);(-0.1, 1.7, -0.2);(0.2, 0.6, -0.7, 0.4);VirtualObject (HR_Toolkit.RedirectionObject);BodyWarping_Zenner;(0.0, 1.2, 0.4);(0.0, 0.0, 0.0, 1.0);(0.0, 1.2, 0.4);(0.0, 0.0, 0.0, 1.0);(-0.1, -4.8, -0.1);(0.0, 0.0, 0.0, 1.0);
195;2022/06/14 12:00:34 523;(-0.1, 1.7, -0.2);(0.2, 0.6, -0.7, 0.4);(-0.1, 1.7, -0.2);(0.2, 0.6, -0.7, 0.4);VirtualObject (HR_Toolkit.RedirectionObject);BodyWarping_Zenner;(0.0, 1.2, 0.4);(0.0, 0.0, 0.0, 1.0);(0.0, 1.2, 0.4);(0.0, 0.0, 0.0, 1.0);(-0.1, -4.8, -0.1);(0.0, 0.0, 0.0, 1.0);
196;2022/06/14 12:00:34 537;(-0.1, 1.7, -0.2);(0.2, 0.6, -0.7, 0.4);(-0.1, 1.7, -0.2);(0.2, 0.6, -0.7, 0.4);VirtualObject (HR_Toolkit.RedirectionObject);BodyWarping_Zenner;(0.0, 1.2, 0.4);(0.0, 0.0, 0.0, 1.0);(0.0, 1.2, 0.4);(0.0, 0.0, 0.0, 1.0);(-0.1, -4.8, -0.1);(0.0, 0.0, 0.0, 1.0);
197;2022/06/14 12:00:34 552;(-0.1, 1.7, -0.2);(0.2, 0.6, -0.7, 0.4);(-0.1, 1.7, -0.2);(0.2, 0.6, -0.7, 0.4);VirtualObject (HR_Toolkit.RedirectionObject);BodyWarping_Zenner;(0.0, 1.2, 0.4);(0.0, 0.0, 0.0, 1.0);(0.0, 1.2, 0.4);(0.0, 0.0, 0.0, 1.0);(-0.1, -4.8, -0.1);(0.0, 0.0, 0.0, 1.0);
198;2022/06/14 12:00:34 567;(-0.1, 1.7, -0.2);(0.2, 0.6, -0.7, 0.4);(-0.1, 1.7, -0.2);(0.2, 0.6, -0.7, 0.4);VirtualObject (HR_Toolkit.RedirectionObject);BodyWarping_Zenner;(0.0, 1.2, 0.4);(0.0, 0.0, 0.0, 1.0);(0.0, 1.2, 0.4);(0.0, 0.0, 0.0, 1.0);(-0.1, -4.8, -0.1);(0.0, 0.0, 0.0, 1.0);
199;2022/06/14 12:00:34 579;(-0.1, 1.7, -0.2);(0.2, 0.6, -0.7, 0.4);(-0.1, 1.7, -0.2);(0.2, 0.6, -0.7, 0.4);VirtualObject (HR_Toolkit.RedirectionObject);BodyWarping_Zenner;(0.0, 1.2, 0.4);(0.0, 0.0, 0.0, 1.0);(0.0, 1.2, 0.4);(0.0, 0.0, 0.0, 1.0);(-0.1, -4.8, -0.1);(0.0, 0.0, 0.0, 1.0);
200;2022/06/14 12:00:34 593;(-0.1, 1.7, -0.2);(0.2, 0.6, -0.7, 0.4);(-0.1, 1.7, -0.2);(0.2, 0.6, -0.7, 0.4);VirtualObject (HR_Toolkit.RedirectionObject);BodyWarping_Zenner;(0.0, 1.2, 0.4);(0.0, 0.0, 0.0, 1.0);(0.0, 1.2, 0.4);(0.0, 0.0, 0.0, 1.0);(-0.1, -4.8, -0.1);(0.0, 0.0, 0.0, 1.0);
201;2022/06/14 12:00:34 607;(-0.1, 1.7, -0.2);(0.2, 0.6, -0.7, 0.4);(-0.1, 1.7, -0.2);(0.2, 0.6, -0.7, 0.4);VirtualObject (HR_Toolkit.RedirectionObject);BodyWarping_Zenner;(0.0, 1.2, 0.4);(0.0, 0.0, 0.0, 1.0);(0.0, 1.2, 0.4);(0.0, 0.0, 0.0, 1.0);(-0.1, -4.8, -0.1);(0.0, 0.0, 0.0, 1.0);
202;2022/06/14 12:00:34 621;(-0.1, 1.7, -0.2);(0.3, 0.6, -0.7, 0.4);(-0.1, 1.7, -0.2);(0.3, 0.6, -0.7, 0.4);VirtualObject (HR_Toolkit.RedirectionObject);BodyWarping_Zenner;(0.0, 1.2, 0.4);(0.0, 0.0, 0.0, 1.0);(0.0, 1.2, 0.4);(0.0, 0.0, 0.0, 1.0);(-0.1, -4.8, -0.1);(0.0, 0.0, 0.0, 1.0);
203;2022/06/14 12:00:34 635;(-0.1, 1.7, -0.2);(0.3, 0.6, -0.7, 0.4);(-0.1, 1.7, -0.2);(0.3, 0.6, -0.7, 0.4);VirtualObject (HR_Toolkit.RedirectionObject);BodyWarping_Zenner;(0.0, 1.2, 0.4);(0.0, 0.0, 0.0, 1.0);(0.0, 1.2, 0.4);(0.0, 0.0, 0.0, 1.0);(-0.1, -4.8, -0.1);(0.0, 0.0, 0.0, 1.0);
204;2022/06/14 12:00:34 650;(-0.1, 1.7, -0.2);(0.3, 0.6, -0.7, 0.4);(-0.1, 1.7, -0.2);(0.3, 0.6, -0.7, 0.4);VirtualObject (HR_Toolkit.RedirectionObject);BodyWarping_Zenner;(0.0, 1.2, 0.4);(0.0, 0.0, 0.0, 1.0);(0.0, 1.2, 0.4);(0.0, 0.0, 0.0, 1.0);(-0.1, -4.8, -0.1);(0.0, 0.0, 0.0, 1.0);
205;2022/06/14 12:00:34 665;(-0.1, 1.7, -0.2);(0.3, 0.6, -0.7, 0.4);(-0.1, 1.7, -0.2);(0.3, 0.6, -0.7, 0.4);VirtualObject (HR_Toolkit.RedirectionObject);BodyWarping_Zenner;(0.0, 1.2, 0.4);(0.0, 0.0, 0.0, 1.0);(0.0, 1.2, 0.4);(0.0, 0.0, 0.0, 1.0);(-0.1, -4.8, -0.1);(0.0, 0.0, 0.0, 1.0);
206;2022/06/14 12:00:34 679;(-0.1, 1.7, -0.2);(0.3, 0.6, -0.7, 0.4);(-0.1, 1.7, -0.2);(0.3, 0.6, -0.7, 0.4);VirtualObject (HR_Toolkit.RedirectionObject);BodyWarping_Zenner;(0.0, 1.2, 0.4);(0.0, 0.0, 0.0, 1.0);(0.0, 1.2, 0.4);(0.0, 0.0, 0.0, 1.0);(-0.1, -4.8, -0.1);(0.0, 0.0, 0.0, 1.0);
207;2022/06/14 12:00:34 691;(-0.1, 1.7, -0.2);(0.3, 0.6, -0.7, 0.4);(-0.1, 1.7, -0.2);(0.3, 0.6, -0.7, 0.4);VirtualObject (HR_Toolkit.RedirectionObject);BodyWarping_Zenner;(0.0, 1.2, 0.4);(0.0, 0.0, 0.0, 1.0);(0.0, 1.2, 0.4);(0.0, 0.0, 0.0, 1.0);(-0.1, -4.8, -0.1);(0.0, 0.0, 0.0, 1.0);
208;2022/06/14 12:00:34 707;(-0.1, 1.7, -0.2);(0.3, 0.6, -0.7, 0.4);(-0.1, 1.7, -0.2);(0.3, 0.6, -0.7, 0.4);VirtualObject (HR_Toolkit.RedirectionObject);BodyWarping_Zenner;(0.0, 1.2, 0.4);(0.0, 0.0, 0.0, 1.0);(0.0, 1.2, 0.4);(0.0, 0.0, 0.0, 1.0);(-0.1, -4.8, -0.1);(0.0, 0.0, 0.0, 1.0);
209;2022/06/14 12:00:34 718;(-0.1, 1.7, -0.2);(0.3, 0.6, -0.7, 0.4);(-0.1, 1.7, -0.2);(0.3, 0.6, -0.7, 0.4);VirtualObject (HR_Toolkit.RedirectionObject);BodyWarping_Zenner;(0.0, 1.2, 0.4);(0.0, 0.0, 0.0, 1.0);(0.0, 1.2, 0.4);(0.0, 0.0, 0.0, 1.0);(-0.1, -4.8, -0.1);(0.0, 0.0, 0.0, 1.0);
210;2022/06/14 12:00:34 733;(-0.1, 1.7, -0.2);(0.3, 0.6, -0.7, 0.4);(-0.1, 1.7, -0.2);(0.3, 0.6, -0.7, 0.4);VirtualObject (HR_Toolkit.RedirectionObject);BodyWarping_Zenner;(0.0, 1.2, 0.4);(0.0, 0.0, 0.0, 1.0);(0.0, 1.2, 0.4);(0.0, 0.0, 0.0, 1.0);(-0.1, -4.8, -0.1);(0.0, 0.0, 0.0, 1.0);
211;2022/06/14 12:00:34 748;(-0.1, 1.7, -0.2);(0.3, 0.6, -0.7, 0.4);(-0.1, 1.7, -0.2);(0.3, 0.6, -0.7, 0.4);VirtualObject (HR_Toolkit.RedirectionObject);BodyWarping_Zenner;(0.0, 1.2, 0.4);(0.0, 0.0, 0.0, 1.0);(0.0, 1.2, 0.4);(0.0, 0.0, 0.0, 1.0);(-0.1, -4.8, -0.1);(0.0, 0.0, 0.0, 1.0);
212;2022/06/14 12:00:34 761;(-0.1, 1.7, -0.2);(0.3, 0.6, -0.7, 0.4);(-0.1, 1.7, -0.2);(0.3, 0.6, -0.7, 0.4);VirtualObject (HR_Toolkit.RedirectionObject);BodyWarping_Zenner;(0.0, 1.2, 0.4);(0.0, 0.0, 0.0, 1.0);(0.0, 1.2, 0.4);(0.0, 0.0, 0.0, 1.0);(-0.1, -4.8, -0.1);(0.0, 0.0, 0.0, 1.0);
213;2022/06/14 12:00:34 776;(-0.1, 1.7, -0.2);(0.3, 0.6, -0.7, 0.4);(-0.1, 1.7, -0.2);(0.3, 0.6, -0.7, 0.4);VirtualObject (HR_Toolkit.RedirectionObject);BodyWarping_Zenner;(0.0, 1.2, 0.4);(0.0, 0.0, 0.0, 1.0);(0.0, 1.2, 0.4);(0.0, 0.0, 0.0, 1.0);(-0.1, -4.8, -0.1);(0.0, 0.0, 0.0, 1.0);
214;2022/06/14 12:00:34 789;(-0.1, 1.7, -0.2);(0.3, 0.6, -0.7, 0.4);(-0.1, 1.7, -0.2);(0.3, 0.6, -0.7, 0.4);VirtualObject (HR_Toolkit.RedirectionObject);BodyWarping_Zenner;(0.0, 1.2, 0.4);(0.0, 0.0, 0.0, 1.0);(0.0, 1.2, 0.4);(0.0, 0.0, 0.0, 1.0);(-0.1, -4.8, -0.1);(0.0, 0.0, 0.0, 1.0);
215;2022/06/14 12:00:34 802;(-0.1, 1.7, -0.2);(0.3, 0.6, -0.7, 0.4);(-0.1, 1.7, -0.2);(0.3, 0.6, -0.7, 0.4);VirtualObject (HR_Toolkit.RedirectionObject);BodyWarping_Zenner;(0.0, 1.2, 0.4);(0.0, 0.0, 0.0, 1.0);(0.0, 1.2, 0.4);(0.0, 0.0, 0.0, 1.0);(-0.1, -4.8, -0.1);(0.0, 0.0, 0.0, 1.0);
216;2022/06/14 12:00:34 815;(-0.1, 1.7, -0.2);(0.3, 0.6, -0.7, 0.4);(-0.1, 1.7, -0.2);(0.3, 0.6, -0.7, 0.4);VirtualObject (HR_Toolkit.RedirectionObject);BodyWarping_Zenner;(0.0, 1.2, 0.4);(0.0, 0.0, 0.0, 1.0);(0.0, 1.2, 0.4);(0.0, 0.0, 0.0, 1.0);(-0.1, -4.8, -0.1);(0.0, 0.0, 0.0, 1.0);
217;2022/06/14 12:00:34 832;(-0.1, 1.7, -0.2);(0.3, 0.6, -0.7, 0.4);(-0.1, 1.7, -0.2);(0.3, 0.6, -0.7, 0.4);VirtualObject (HR_Toolkit.RedirectionObject);BodyWarping_Zenner;(0.0, 1.2, 0.4);(0.0, 0.0, 0.0, 1.0);(0.0, 1.2, 0.4);(0.0, 0.0, 0.0, 1.0);(-0.1, -4.8, -0.1);(0.0, 0.0, 0.0, 1.0);
218;2022/06/14 12:00:34 846;(-0.1, 1.7, -0.2);(0.3, 0.6, -0.7, 0.4);(-0.1, 1.7, -0.2);(0.3, 0.6, -0.7, 0.4);VirtualObject (HR_Toolkit.RedirectionObject);BodyWarping_Zenner;(0.0, 1.2, 0.4);(0.0, 0.0, 0.0, 1.0);(0.0, 1.2, 0.4);(0.0, 0.0, 0.0, 1.0);(-0.1, -4.8, -0.1);(0.0, 0.0, 0.0, 1.0);
219;2022/06/14 12:00:34 857;(-0.1, 1.7, -0.2);(0.2, 0.6, -0.7, 0.4);(-0.1, 1.7, -0.2);(0.2, 0.6, -0.7, 0.4);VirtualObject (HR_Toolkit.RedirectionObject);BodyWarping_Zenner;(0.0, 1.2, 0.4);(0.0, 0.0, 0.0, 1.0);(0.0, 1.2, 0.4);(0.0, 0.0, 0.0, 1.0);(-0.1, -4.8, -0.1);(0.0, 0.0, 0.0, 1.0);
220;2022/06/14 12:00:34 874;(-0.1, 1.7, -0.2);(0.2, 0.6, -0.7, 0.4);(-0.1, 1.7, -0.2);(0.2, 0.6, -0.7, 0.4);VirtualObject (HR_Toolkit.RedirectionObject);BodyWarping_Zenner;(0.0, 1.2, 0.4);(0.0, 0.0, 0.0, 1.0);(0.0, 1.2, 0.4);(0.0, 0.0, 0.0, 1.0);(-0.1, -4.8, -0.1);(0.0, 0.0, 0.0, 1.0);
221;2022/06/14 12:00:34 885;(-0.1, 1.7, -0.2);(0.2, 0.6, -0.7, 0.4);(-0.1, 1.7, -0.2);(0.2, 0.6, -0.7, 0.4);VirtualObject (HR_Toolkit.RedirectionObject);BodyWarping_Zenner;(0.0, 1.2, 0.4);(0.0, 0.0, 0.0, 1.0);(0.0, 1.2, 0.4);(0.0, 0.0, 0.0, 1.0);(-0.1, -4.8, -0.1);(0.0, 0.0, 0.0, 1.0);
222;2022/06/14 12:00:34 899;(-0.1, 1.7, -0.2);(0.2, 0.6, -0.7, 0.4);(-0.1, 1.7, -0.2);(0.2, 0.6, -0.7, 0.4);VirtualObject (HR_Toolkit.RedirectionObject);BodyWarping_Zenner;(0.0, 1.2, 0.4);(0.0, 0.0, 0.0, 1.0);(0.0, 1.2, 0.4);(0.0, 0.0, 0.0, 1.0);(-0.1, -4.8, -0.1);(0.0, 0.0, 0.0, 1.0);
223;2022/06/14 12:00:34 914;(-0.1, 1.7, -0.2);(0.2, 0.6, -0.7, 0.4);(-0.1, 1.7, -0.2);(0.2, 0.6, -0.7, 0.4);VirtualObject (HR_Toolkit.RedirectionObject);BodyWarping_Zenner;(0.0, 1.2, 0.4);(0.0, 0.0, 0.0, 1.0);(0.0, 1.2, 0.4);(0.0, 0.0, 0.0, 1.0);(-0.1, -4.8, -0.1);(0.0, 0.0, 0.0, 1.0);
224;2022/06/14 12:00:34 929;(-0.1, 1.7, -0.2);(0.2, 0.6, -0.7, 0.4);(-0.1, 1.7, -0.2);(0.2, 0.6, -0.7, 0.4);VirtualObject (HR_Toolkit.RedirectionObject);BodyWarping_Zenner;(0.0, 1.2, 0.4);(0.0, 0.0, 0.0, 1.0);(0.0, 1.2, 0.4);(0.0, 0.0, 0.0, 1.0);(-0.1, -4.8, -0.1);(0.0, 0.0, 0.0, 1.0);
225;2022/06/14 12:00:34 941;(-0.1, 1.7, -0.2);(0.2, 0.6, -0.7, 0.4);(-0.1, 1.7, -0.2);(0.2, 0.6, -0.7, 0.4);VirtualObject (HR_Toolkit.RedirectionObject);BodyWarping_Zenner;(0.0, 1.2, 0.4);(0.0, 0.0, 0.0, 1.0);(0.0, 1.2, 0.4);(0.0, 0.0, 0.0, 1.0);(-0.1, -4.8, -0.1);(0.0, 0.0, 0.0, 1.0);
226;2022/06/14 12:00:34 956;(-0.1, 1.7, -0.2);(0.2, 0.6, -0.7, 0.4);(-0.1, 1.7, -0.2);(0.2, 0.6, -0.7, 0.4);VirtualObject (HR_Toolkit.RedirectionObject);BodyWarping_Zenner;(0.0, 1.2, 0.4);(0.0, 0.0, 0.0, 1.0);(0.0, 1.2, 0.4);(0.0, 0.0, 0.0, 1.0);(-0.1, -4.8, -0.1);(0.0, 0.0, 0.0, 1.0);
227;2022/06/14 12:00:34 971;(-0.1, 1.7, -0.2);(0.2, 0.6, -0.7, 0.4);(-0.1, 1.7, -0.2);(0.2, 0.6, -0.7, 0.4);VirtualObject (HR_Toolkit.RedirectionObject);BodyWarping_Zenner;(0.0, 1.2, 0.4);(0.0, 0.0, 0.0, 1.0);(0.0, 1.2, 0.4);(0.0, 0.0, 0.0, 1.0);(-0.1, -4.8, -0.1);(0.0, 0.0, 0.0, 1.0);
228;2022/06/14 12:00:34 984;(-0.1, 1.7, -0.2);(0.2, 0.6, -0.7, 0.4);(-0.1, 1.7, -0.2);(0.2, 0.6, -0.7, 0.4);VirtualObject (HR_Toolkit.RedirectionObject);BodyWarping_Zenner;(0.0, 1.2, 0.4);(0.0, 0.0, 0.0, 1.0);(0.0, 1.2, 0.4);(0.0, 0.0, 0.0, 1.0);(-0.1, -4.8, -0.1);(0.0, 0.0, 0.0, 1.0);
229;2022/06/14 12:00:34 997;(-0.1, 1.7, -0.2);(0.2, 0.6, -0.7, 0.4);(-0.1, 1.7, -0.2);(0.2, 0.6, -0.7, 0.4);VirtualObject (HR_Toolkit.RedirectionObject);BodyWarping_Zenner;(0.0, 1.2, 0.4);(0.0, 0.0, 0.0, 1.0);(0.0, 1.2, 0.4);(0.0, 0.0, 0.0, 1.0);(-0.1, -4.8, -0.1);(0.0, 0.0, 0.0, 1.0);
230;2022/06/14 12:00:35 12;(-0.1, 1.7, -0.2);(0.2, 0.6, -0.7, 0.4);(-0.1, 1.7, -0.2);(0.2, 0.6, -0.7, 0.4);VirtualObject (HR_Toolkit.RedirectionObject);BodyWarping_Zenner;(0.0, 1.2, 0.4);(0.0, 0.0, 0.0, 1.0);(0.0, 1.2, 0.4);(0.0, 0.0, 0.0, 1.0);(-0.1, -4.8, -0.1);(0.0, 0.0, 0.0, 1.0);
231;2022/06/14 12:00:35 25;(-0.1, 1.7, -0.2);(0.2, 0.6, -0.7, 0.4);(-0.1, 1.7, -0.2);(0.2, 0.6, -0.7, 0.4);VirtualObject (HR_Toolkit.RedirectionObject);BodyWarping_Zenner;(0.0, 1.2, 0.4);(0.0, 0.0, 0.0, 1.0);(0.0, 1.2, 0.4);(0.0, 0.0, 0.0, 1.0);(-0.1, -4.8, -0.1);(0.0, 0.0, 0.0, 1.0);
232;2022/06/14 12:00:35 39;(-0.1, 1.7, -0.2);(0.2, 0.6, -0.7, 0.4);(-0.1, 1.7, -0.2);(0.2, 0.6, -0.7, 0.4);VirtualObject (HR_Toolkit.RedirectionObject);BodyWarping_Zenner;(0.0, 1.2, 0.4);(0.0, 0.0, 0.0, 1.0);(0.0, 1.2, 0.4);(0.0, 0.0, 0.0, 1.0);(-0.1, -4.8, -0.1);(0.0, 0.0, 0.0, 1.0);
233;2022/06/14 12:00:35 53;(-0.1, 1.7, -0.2);(0.2, 0.6, -0.7, 0.4);(-0.1, 1.7, -0.2);(0.2, 0.6, -0.7, 0.4);VirtualObject (HR_Toolkit.RedirectionObject);BodyWarping_Zenner;(0.0, 1.2, 0.4);(0.0, 0.0, 0.0, 1.0);(0.0, 1.2, 0.4);(0.0, 0.0, 0.0, 1.0);(-0.1, -4.8, -0.1);(0.0, 0.0, 0.0, 1.0);
234;2022/06/14 12:00:35 67;(-0.1, 1.7, -0.2);(0.2, 0.6, -0.7, 0.4);(-0.1, 1.7, -0.2);(0.2, 0.6, -0.7, 0.4);VirtualObject (HR_Toolkit.RedirectionObject);BodyWarping_Zenner;(0.0, 1.2, 0.4);(0.0, 0.0, 0.0, 1.0);(0.0, 1.2, 0.4);(0.0, 0.0, 0.0, 1.0);(-0.1, -4.8, -0.1);(0.0, 0.0, 0.0, 1.0);
235;2022/06/14 12:00:35 81;(-0.1, 1.7, -0.2);(0.2, 0.6, -0.7, 0.4);(-0.1, 1.7, -0.2);(0.2, 0.6, -0.7, 0.4);VirtualObject (HR_Toolkit.RedirectionObject);BodyWarping_Zenner;(0.0, 1.2, 0.4);(0.0, 0.0, 0.0, 1.0);(0.0, 1.2, 0.4);(0.0, 0.0, 0.0, 1.0);(-0.1, -4.8, -0.1);(0.0, 0.0, 0.0, 1.0);
236;2022/06/14 12:00:35 94;(-0.1, 1.7, -0.2);(0.2, 0.6, -0.7, 0.4);(-0.1, 1.7, -0.2);(0.2, 0.6, -0.7, 0.4);VirtualObject (HR_Toolkit.RedirectionObject);BodyWarping_Zenner;(0.0, 1.2, 0.4);(0.0, 0.0, 0.0, 1.0);(0.0, 1.2, 0.4);(0.0, 0.0, 0.0, 1.0);(-0.1, -4.8, -0.1);(0.0, 0.0, 0.0, 1.0);
237;2022/06/14 12:00:35 109;(-0.1, 1.7, -0.2);(0.2, 0.6, -0.7, 0.4);(-0.1, 1.7, -0.2);(0.2, 0.6, -0.7, 0.4);VirtualObject (HR_Toolkit.RedirectionObject);BodyWarping_Zenner;(0.0, 1.2, 0.4);(0.0, 0.0, 0.0, 1.0);(0.0, 1.2, 0.4);(0.0, 0.0, 0.0, 1.0);(-0.1, -4.8, -0.1);(0.0, 0.0, 0.0, 1.0);
238;2022/06/14 12:00:35 122;(-0.1, 1.7, -0.2);(0.2, 0.6, -0.7, 0.4);(-0.1, 1.7, -0.2);(0.2, 0.6, -0.7, 0.4);VirtualObject (HR_Toolkit.RedirectionObject);BodyWarping_Zenner;(0.0, 1.2, 0.4);(0.0, 0.0, 0.0, 1.0);(0.0, 1.2, 0.4);(0.0, 0.0, 0.0, 1.0);(-0.1, -4.8, -0.1);(0.0, 0.0, 0.0, 1.0);
239;2022/06/14 12:00:35 136;(-0.1, 1.7, -0.2);(0.2, 0.6, -0.7, 0.4);(-0.1, 1.7, -0.2);(0.2, 0.6, -0.7, 0.4);VirtualObject (HR_Toolkit.RedirectionObject);BodyWarping_Zenner;(0.0, 1.2, 0.4);(0.0, 0.0, 0.0, 1.0);(0.0, 1.2, 0.4);(0.0, 0.0, 0.0, 1.0);(-0.1, -4.8, -0.1);(0.0, 0.0, 0.0, 1.0);
240;2022/06/14 12:00:35 156;(-0.1, 1.7, -0.2);(0.2, 0.6, -0.7, 0.4);(-0.1, 1.7, -0.2);(0.2, 0.6, -0.7, 0.4);VirtualObject (HR_Toolkit.RedirectionObject);BodyWarping_Zenner;(0.0, 1.2, 0.4);(0.0, 0.0, 0.0, 1.0);(0.0, 1.2, 0.4);(0.0, 0.0, 0.0, 1.0);(-0.1, -4.8, -0.1);(0.0, 0.0, 0.0, 1.0);
241;2022/06/14 12:00:35 166;(-0.1, 1.7, -0.2);(0.2, 0.6, -0.7, 0.4);(-0.1, 1.7, -0.2);(0.2, 0.6, -0.7, 0.4);VirtualObject (HR_Toolkit.RedirectionObject);BodyWarping_Zenner;(0.0, 1.2, 0.4);(0.0, 0.0, 0.0, 1.0);(0.0, 1.2, 0.4);(0.0, 0.0, 0.0, 1.0);(-0.1, -4.8, -0.1);(0.0, 0.0, 0.0, 1.0);
242;2022/06/14 12:00:35 178;(-0.1, 1.7, -0.2);(0.2, 0.6, -0.7, 0.4);(-0.1, 1.7, -0.2);(0.2, 0.6, -0.7, 0.4);VirtualObject (HR_Toolkit.RedirectionObject);BodyWarping_Zenner;(0.0, 1.2, 0.4);(0.0, 0.0, 0.0, 1.0);(0.0, 1.2, 0.4);(0.0, 0.0, 0.0, 1.0);(-0.1, -4.8, -0.1);(0.0, 0.0, 0.0, 1.0);
243;2022/06/14 12:00:35 193;(-0.1, 1.7, -0.2);(0.2, 0.6, -0.7, 0.4);(-0.1, 1.7, -0.2);(0.2, 0.6, -0.7, 0.4);VirtualObject (HR_Toolkit.RedirectionObject);BodyWarping_Zenner;(0.0, 1.2, 0.4);(0.0, 0.0, 0.0, 1.0);(0.0, 1.2, 0.4);(0.0, 0.0, 0.0, 1.0);(-0.1, -4.8, -0.1);(0.0, 0.0, 0.0, 1.0);
244;2022/06/14 12:00:35 206;(-0.1, 1.7, -0.2);(0.2, 0.6, -0.7, 0.4);(-0.1, 1.7, -0.2);(0.2, 0.6, -0.7, 0.4);VirtualObject (HR_Toolkit.RedirectionObject);BodyWarping_Zenner;(0.0, 1.2, 0.4);(0.0, 0.0, 0.0, 1.0);(0.0, 1.2, 0.4);(0.0, 0.0, 0.0, 1.0);(-0.1, -4.8, -0.1);(0.0, 0.0, 0.0, 1.0);
245;2022/06/14 12:00:35 219;(-0.1, 1.7, -0.2);(0.2, 0.6, -0.7, 0.4);(-0.1, 1.7, -0.2);(0.2, 0.6, -0.7, 0.4);VirtualObject (HR_Toolkit.RedirectionObject);BodyWarping_Zenner;(0.0, 1.2, 0.4);(0.0, 0.0, 0.0, 1.0);(0.0, 1.2, 0.4);(0.0, 0.0, 0.0, 1.0);(-0.1, -4.8, -0.1);(0.0, 0.0, 0.0, 1.0);
246;2022/06/14 12:00:35 233;(-0.1, 1.7, -0.2);(0.2, 0.6, -0.7, 0.4);(-0.1, 1.7, -0.2);(0.2, 0.6, -0.7, 0.4);VirtualObject (HR_Toolkit.RedirectionObject);BodyWarping_Zenner;(0.0, 1.2, 0.4);(0.0, 0.0, 0.0, 1.0);(0.0, 1.2, 0.4);(0.0, 0.0, 0.0, 1.0);(-0.1, -4.8, -0.1);(0.0, 0.0, 0.0, 1.0);
247;2022/06/14 12:00:35 246;(-0.1, 1.7, -0.2);(0.2, 0.6, -0.7, 0.4);(-0.1, 1.7, -0.2);(0.2, 0.6, -0.7, 0.4);VirtualObject (HR_Toolkit.RedirectionObject);BodyWarping_Zenner;(0.0, 1.2, 0.4);(0.0, 0.0, 0.0, 1.0);(0.0, 1.2, 0.4);(0.0, 0.0, 0.0, 1.0);(-0.1, -4.8, -0.1);(0.0, 0.0, 0.0, 1.0);
248;2022/06/14 12:00:35 261;(-0.1, 1.7, -0.2);(0.2, 0.6, -0.7, 0.4);(-0.1, 1.7, -0.2);(0.2, 0.6, -0.7, 0.4);VirtualObject (HR_Toolkit.RedirectionObject);BodyWarping_Zenner;(0.0, 1.2, 0.4);(0.0, 0.0, 0.0, 1.0);(0.0, 1.2, 0.4);(0.0, 0.0, 0.0, 1.0);(-0.1, -4.8, -0.1);(0.0, 0.0, 0.0, 1.0);
249;2022/06/14 12:00:35 274;(-0.1, 1.7, -0.2);(0.2, 0.6, -0.7, 0.4);(-0.1, 1.7, -0.2);(0.2, 0.6, -0.7, 0.4);VirtualObject (HR_Toolkit.RedirectionObject);BodyWarping_Zenner;(0.0, 1.2, 0.4);(0.0, 0.0, 0.0, 1.0);(0.0, 1.2, 0.4);(0.0, 0.0, 0.0, 1.0);(-0.1, -4.8, -0.1);(0.0, 0.0, 0.0, 1.0);
250;2022/06/14 12:00:35 290;(-0.1, 1.7, -0.2);(0.2, 0.6, -0.7, 0.4);(-0.1, 1.7, -0.2);(0.2, 0.6, -0.7, 0.4);VirtualObject (HR_Toolkit.RedirectionObject);BodyWarping_Zenner;(0.0, 1.2, 0.4);(0.0, 0.0, 0.0, 1.0);(0.0, 1.2, 0.4);(0.0, 0.0, 0.0, 1.0);(-0.1, -4.8, -0.1);(0.0, 0.0, 0.0, 1.0);
251;2022/06/14 12:00:35 303;(-0.1, 1.7, -0.2);(0.2, 0.6, -0.7, 0.4);(-0.1, 1.7, -0.2);(0.2, 0.6, -0.7, 0.4);VirtualObject (HR_Toolkit.RedirectionObject);BodyWarping_Zenner;(0.0, 1.2, 0.4);(0.0, 0.0, 0.0, 1.0);(0.0, 1.2, 0.4);(0.0, 0.0, 0.0, 1.0);(-0.1, -4.8, -0.1);(0.0, 0.0, 0.0, 1.0);
252;2022/06/14 12:00:35 318;(-0.1, 1.7, -0.2);(0.2, 0.6, -0.7, 0.4);(-0.1, 1.7, -0.2);(0.2, 0.6, -0.7, 0.4);VirtualObject (HR_Toolkit.RedirectionObject);BodyWarping_Zenner;(0.0, 1.2, 0.4);(0.0, 0.0, 0.0, 1.0);(0.0, 1.2, 0.4);(0.0, 0.0, 0.0, 1.0);(-0.1, -4.8, -0.1);(0.0, 0.0, 0.0, 1.0);
253;2022/06/14 12:00:35 338;(-0.1, 1.7, -0.2);(0.2, 0.6, -0.7, 0.4);(-0.1, 1.7, -0.2);(0.2, 0.6, -0.7, 0.4);VirtualObject (HR_Toolkit.RedirectionObject);BodyWarping_Zenner;(0.0, 1.2, 0.4);(0.0, 0.0, 0.0, 1.0);(0.0, 1.2, 0.4);(0.0, 0.0, 0.0, 1.0);(-0.1, -4.8, -0.1);(0.0, 0.0, 0.0, 1.0);
254;2022/06/14 12:00:35 351;(-0.1, 1.7, -0.2);(0.2, 0.6, -0.7, 0.4);(-0.1, 1.7, -0.2);(0.2, 0.6, -0.7, 0.4);VirtualObject (HR_Toolkit.RedirectionObject);BodyWarping_Zenner;(0.0, 1.2, 0.4);(0.0, 0.0, 0.0, 1.0);(0.0, 1.2, 0.4);(0.0, 0.0, 0.0, 1.0);(-0.1, -4.8, -0.1);(0.0, 0.0, 0.0, 1.0);
255;2022/06/14 12:00:35 360;(-0.1, 1.7, -0.2);(0.2, 0.6, -0.7, 0.4);(-0.1, 1.7, -0.2);(0.2, 0.6, -0.7, 0.4);VirtualObject (HR_Toolkit.RedirectionObject);BodyWarping_Zenner;(0.0, 1.2, 0.4);(0.0, 0.0, 0.0, 1.0);(0.0, 1.2, 0.4);(0.0, 0.0, 0.0, 1.0);(-0.1, -4.8, -0.1);(0.0, 0.0, 0.0, 1.0);
256;2022/06/14 12:00:35 372;(-0.1, 1.7, -0.2);(0.2, 0.6, -0.7, 0.4);(-0.1, 1.7, -0.2);(0.2, 0.6, -0.7, 0.4);VirtualObject (HR_Toolkit.RedirectionObject);BodyWarping_Zenner;(0.0, 1.2, 0.4);(0.0, 0.0, 0.0, 1.0);(0.0, 1.2, 0.4);(0.0, 0.0, 0.0, 1.0);(-0.1, -4.8, -0.1);(0.0, 0.0, 0.0, 1.0);
257;2022/06/14 12:00:35 387;(-0.1, 1.7, -0.2);(0.2, 0.6, -0.7, 0.4);(-0.1, 1.7, -0.2);(0.2, 0.6, -0.7, 0.4);VirtualObject (HR_Toolkit.RedirectionObject);BodyWarping_Zenner;(0.0, 1.2, 0.4);(0.0, 0.0, 0.0, 1.0);(0.0, 1.2, 0.4);(0.0, 0.0, 0.0, 1.0);(-0.1, -4.8, -0.1);(0.0, 0.0, 0.0, 1.0);
258;2022/06/14 12:00:35 400;(-0.1, 1.7, -0.2);(0.2, 0.6, -0.7, 0.4);(-0.1, 1.7, -0.2);(0.2, 0.6, -0.7, 0.4);VirtualObject (HR_Toolkit.RedirectionObject);BodyWarping_Zenner;(0.0, 1.2, 0.4);(0.0, 0.0, 0.0, 1.0);(0.0, 1.2, 0.4);(0.0, 0.0, 0.0, 1.0);(-0.1, -4.8, -0.1);(0.0, 0.0, 0.0, 1.0);
259;2022/06/14 12:00:35 421;(-0.1, 1.7, -0.2);(0.2, 0.6, -0.7, 0.4);(-0.1, 1.7, -0.2);(0.2, 0.6, -0.7, 0.4);VirtualObject (HR_Toolkit.RedirectionObject);BodyWarping_Zenner;(0.0, 1.2, 0.4);(0.0, 0.0, 0.0, 1.0);(0.0, 1.2, 0.4);(0.0, 0.0, 0.0, 1.0);(-0.1, -4.8, -0.1);(0.0, 0.0, 0.0, 1.0);
